experiment,method,seed,evaluation_split,parameters,algorithm_time,compilation_time,drift_rmse,covariance_rmse,nll,raw_spd_violation_rate,min_raw_eigenvalue
ex1,fourier,0,validation,3072,20.506902472989168,8.702591059030965,0.5313522815704346,0.03185838833451271,-3.296457290649414,0.0,0.10368228703737259
ex1,fourier,1,validation,3072,19.25852420803858,7.107810940942727,0.4863619804382324,0.03189757466316223,-3.296795606613159,0.0,0.10285429656505585
ex1,fourier,2,validation,3072,20.560047121020034,8.476238539034966,0.5424410700798035,0.03217468410730362,-3.295806884765625,0.0,0.10116405040025711
ex1,fourier,3,validation,3072,18.749110400967766,7.075228145055007,0.5402907729148865,0.03223671019077301,-3.2957422733306885,0.0,0.10114027559757233
ex1,fourier,4,validation,3072,22.040512010979,6.967351337021682,0.5052275061607361,0.031286273151636124,-3.2960758209228516,0.0,0.10617038607597351
ex1,fourier,5,validation,3072,19.485417190997396,5.990779627987649,0.4886110723018646,0.032101962715387344,-3.2973644733428955,0.0,0.1014893651008606
ex1,fourier,6,validation,3072,19.931084020994604,6.316471541998908,0.5353896617889404,0.031533244997262955,-3.296147584915161,0.0,0.10376901924610138
ex1,fourier,7,validation,3072,20.322472897998523,5.679951095953584,0.545291006565094,0.029989564791321754,-3.2947638034820557,0.0,0.1026427149772644
ex1,fourier,8,validation,3072,20.319515175011475,5.344892160966992,0.4717327356338501,0.03184164687991142,-3.2974536418914795,0.0,0.10312457382678986
ex1,fourier,9,validation,3072,19.92006230005063,6.614437209966127,0.5295902490615845,0.03172672539949417,-3.296260356903076,0.0,0.10461060702800751
ex1,fourier,10,validation,3072,19.053628090012353,5.401395047956612,0.49687981605529785,0.03182077407836914,-3.29636287689209,0.0,0.10260865092277527
ex1,fourier,11,validation,3072,21.38651869900059,6.706316030991729,0.5296290516853333,0.03200274705886841,-3.2963879108428955,0.0,0.10363087803125381
ex1,fourier,12,validation,3072,20.610930420982186,5.393923098046798,0.5114651322364807,0.03142207860946655,-3.2966442108154297,0.0,0.10430333018302917
ex1,fourier,13,validation,3072,19.570034577976912,6.2433354370296,0.5079129338264465,0.031894389539957047,-3.2966177463531494,0.0,0.10326891392469406
ex1,fourier,14,validation,3072,20.155563912994694,6.120722187915817,0.5174636840820312,0.029379479587078094,-3.2953360080718994,0.0,0.10724683105945587
ex1,fourier,15,validation,3072,19.26118198200129,5.5885769058950245,0.5595916509628296,0.03198935091495514,-3.295217514038086,0.0,0.10198600590229034
ex1,fourier,16,validation,3072,19.911110931949224,5.32422269199742,0.5478154420852661,0.031800854951143265,-3.2954745292663574,0.0,0.10325109958648682
ex1,fourier,17,validation,3072,20.581775997998193,6.477205208037049,0.5102892518043518,0.03215716406702995,-3.2961127758026123,0.0,0.10029096901416779
ex1,fourier,18,validation,3072,20.469264911022037,5.522062102041673,0.51726895570755,0.031858816742897034,-3.29657244682312,0.0,0.10195890069007874
ex1,fourier,19,validation,3072,21.70877562899841,6.485368544992525,0.47655948996543884,0.03172900155186653,-3.297008514404297,0.0,0.10426760464906693
ex1,fourier,20,validation,3072,20.02226579800481,5.164844640996307,0.5254918932914734,0.03137313947081566,-3.2964534759521484,0.0,0.105072021484375
ex1,fourier,21,validation,3072,19.498793890990783,5.800263761077076,0.4716411828994751,0.031913600862026215,-3.297122001647949,0.0,0.10271861404180527
ex1,fourier,22,validation,3072,20.2671634950093,6.207950374984648,0.5292404294013977,0.032143738120794296,-3.2963123321533203,0.0,0.10231851041316986
ex1,fourier,23,validation,3072,20.04873950203182,6.771270858997013,0.5422194600105286,0.03232686221599579,-3.2958180904388428,0.0,0.10057300329208374
ex1,fourier,24,validation,3072,19.961343178001698,5.292091061070096,0.5164712071418762,0.032232873141765594,-3.2964985370635986,0.0,0.1027853712439537
ex1,fourier,25,validation,3072,19.613139385997783,5.96078480995493,0.5169294476509094,0.030185440555214882,-3.2958996295928955,0.0,0.10572727769613266
ex1,fourier,26,validation,3072,20.328652238007635,5.711311510007363,0.5396179556846619,0.03203899413347244,-3.2960073947906494,0.0,0.10150506347417831
ex1,fourier,27,validation,3072,19.69279502797872,6.045141748036258,0.520849883556366,0.0322132334113121,-3.296663284301758,0.0,0.1018916517496109
ex1,fourier,28,validation,3072,20.023109811008908,5.957154715957586,0.5026966333389282,0.03157553821802139,-3.2968060970306396,0.0,0.1041351929306984
ex1,fourier,29,validation,3072,20.48837547097355,5.583969699044246,0.5281916260719299,0.029534542933106422,-3.2948951721191406,0.0,0.10665793716907501
ex1,mlp_shallow,0,validation,2564,21.96913464803947,7.47010874398984,0.6943398714065552,0.014737009070813656,-3.283447265625,0.0,0.1415822058916092
ex1,mlp_shallow,1,validation,2564,22.078199902025517,7.140199379064143,0.7590884566307068,0.014295971021056175,-3.2798147201538086,0.0,0.14173483848571777
ex1,mlp_shallow,2,validation,2564,20.877028778020758,7.232007301994599,0.6736128330230713,0.014923802576959133,-3.283623218536377,0.0,0.14129410684108734
ex1,mlp_shallow,3,validation,2564,23.362038132036105,6.414381142065395,0.760341465473175,0.014428984373807907,-3.2826342582702637,0.0,0.14250317215919495
ex1,mlp_shallow,4,validation,2564,22.766151632997207,7.321854248060845,0.6968787908554077,0.014765388332307339,-3.28294038772583,0.0,0.14141745865345
ex1,mlp_shallow,5,validation,2564,23.115505081019364,7.885310674959328,0.713628351688385,0.014725593850016594,-3.2834606170654297,0.0,0.14185811579227448
ex1,mlp_shallow,6,validation,2564,21.261697598034516,6.3770743980421685,0.7449789643287659,0.014335808344185352,-3.28197979927063,0.0,0.14099961519241333
ex1,mlp_shallow,7,validation,2564,23.684410882997327,6.430947581015062,0.6953965425491333,0.014639317989349365,-3.2848291397094727,0.0,0.13863727450370789
ex1,mlp_shallow,8,validation,2564,21.841361714992672,6.656457751989365,0.7131413221359253,0.014567307196557522,-3.283308744430542,0.0,0.14111708104610443
ex1,mlp_shallow,9,validation,2564,22.27027936698869,6.612619541992899,0.7101762890815735,0.014697329141199589,-3.2837271690368652,0.0,0.14202947914600372
ex1,mlp_shallow,10,validation,2564,21.128732095996384,6.975002491963096,0.6905277967453003,0.01478745136409998,-3.2837886810302734,0.0,0.14157381653785706
ex1,mlp_shallow,11,validation,2564,22.297205315029714,6.4885981809929945,0.7033655047416687,0.014758788049221039,-3.28346586227417,0.0,0.14165963232517242
ex1,mlp_shallow,12,validation,2564,22.866147205990274,6.302083414979279,0.6910427212715149,0.014749518595635891,-3.28369140625,0.0,0.14105220139026642
ex1,mlp_shallow,13,validation,2564,23.76002989098197,6.994907102023717,0.7368110418319702,0.014527764171361923,-3.282257080078125,0.0,0.14244255423545837
ex1,mlp_shallow,14,validation,2564,21.470537474029697,7.38049533998128,0.7372924089431763,0.01438287366181612,-3.2816293239593506,0.0,0.1417684555053711
ex1,mlp_shallow,15,validation,2564,23.19049993302906,6.7059036159771495,0.7040396928787231,0.01457979530096054,-3.283656358718872,0.0,0.14061899483203888
ex1,mlp_shallow,16,validation,2564,22.25793777301442,6.177926383097656,0.694428563117981,0.014721841551363468,-3.2836649417877197,0.0,0.14093980193138123
ex1,mlp_shallow,17,validation,2564,22.319397304032464,6.366496426984668,0.7082048058509827,0.014638167805969715,-3.2838499546051025,0.0,0.14124366641044617
ex1,mlp_shallow,18,validation,2564,21.68273310904624,6.520689727913123,0.7512117624282837,0.014503476209938526,-3.283355712890625,0.0,0.1414237767457962
ex1,mlp_shallow,19,validation,2564,21.526775098987855,6.825099351990502,0.7045091986656189,0.014727547764778137,-3.2829103469848633,0.0,0.14144200086593628
ex1,mlp_shallow,20,validation,2564,21.681820984988008,6.2919129219371825,0.7715327143669128,0.014289557002484798,-3.2816410064697266,0.0,0.1428292691707611
ex1,mlp_shallow,21,validation,2564,22.885599619999994,6.452828916022554,0.7562165856361389,0.014308704994618893,-3.2823047637939453,0.0,0.1422903835773468
ex1,mlp_shallow,22,validation,2564,21.995715795026626,6.783147480979096,0.7645517587661743,0.01434102188795805,-3.281442403793335,0.0,0.14232218265533447
ex1,mlp_shallow,23,validation,2564,22.782562341948505,6.4634121540002525,0.7249273061752319,0.014385913498699665,-3.284010887145996,0.0,0.13980942964553833
ex1,mlp_shallow,24,validation,2564,22.166666615987197,6.017761364986654,0.7087987661361694,0.014582238160073757,-3.2837350368499756,0.0,0.14071780443191528
ex1,mlp_shallow,25,validation,2564,22.21900351997465,6.656046606018208,0.7485901117324829,0.014468496665358543,-3.281687021255493,0.0,0.1424558311700821
ex1,mlp_shallow,26,validation,2564,22.634115864988416,6.5435220440267585,0.7226850390434265,0.01459557469934225,-3.2828493118286133,0.0,0.14115886390209198
ex1,mlp_shallow,27,validation,2564,22.228608188976068,6.314310523972381,0.6941612362861633,0.01465460192412138,-3.2838475704193115,0.0,0.14136148989200592
ex1,mlp_shallow,28,validation,2564,22.670255689008627,5.811784597986843,0.7012879848480225,0.01465797983109951,-3.2838428020477295,0.0,0.1408221423625946
ex1,mlp_shallow,29,validation,2564,23.136736970976926,6.22380332602188,0.6982389092445374,0.01472942903637886,-3.283406972885132,0.0,0.14154762029647827
ex1,mlp_deep,0,validation,34308,23.089014191995375,14.233627179986797,0.5994495153427124,0.028066907078027725,-3.297459125518799,0.0,0.11839988827705383
ex1,mlp_deep,1,validation,34308,23.115636464965064,14.242691048944835,0.5779871940612793,0.027644172310829163,-3.2990400791168213,0.0,0.11801228672266006
ex1,mlp_deep,2,validation,34308,24.6110301319859,13.625786265998613,0.5959776639938354,0.027392636984586716,-3.298754930496216,0.0,0.11911848187446594
ex1,mlp_deep,3,validation,34308,25.160166046989616,13.395905583980493,0.5783118605613708,0.027837932109832764,-3.29939603805542,0.0,0.11890196055173874
ex1,mlp_deep,4,validation,34308,24.117487996991258,14.330100672959816,0.5792072415351868,0.027052775025367737,-3.2999064922332764,0.0,0.12039030343294144
ex1,mlp_deep,5,validation,34308,23.514889489975758,14.829220732965041,0.5707841515541077,0.02757234312593937,-3.3006441593170166,0.0,0.11953707039356232
ex1,mlp_deep,6,validation,34308,23.537434874975588,14.578749061969575,0.5844675302505493,0.02752065844833851,-3.2990734577178955,0.0,0.11960277706384659
ex1,mlp_deep,7,validation,34308,23.89966794505017,12.978509006963577,0.5872940421104431,0.028256885707378387,-3.298275947570801,0.0,0.11870043724775314
ex1,mlp_deep,8,validation,34308,23.427917545021046,15.74689656397095,0.5899263024330139,0.02779727429151535,-3.299072504043579,0.0,0.11925947666168213
ex1,mlp_deep,9,validation,34308,25.213591899024323,15.404013007937465,0.5802526473999023,0.02798902615904808,-3.299285888671875,0.0,0.11809041351079941
ex1,mlp_deep,10,validation,34308,24.76047711301362,14.657094320980832,0.5865920186042786,0.028056206181645393,-3.2975597381591797,0.0,0.11829719692468643
ex1,mlp_deep,11,validation,34308,24.32741188799264,14.08401925797807,0.5647058486938477,0.02805006504058838,-3.299527406692505,0.0,0.11866522580385208
ex1,mlp_deep,12,validation,34308,23.798770107969176,13.723260049009696,0.5787202715873718,0.024051621556282043,-3.2966232299804688,0.0,0.11382371187210083
ex1,mlp_deep,13,validation,34308,23.779626923031174,13.325432333978824,0.592229425907135,0.027930164709687233,-3.299531936645508,0.0,0.11809436976909637
ex1,mlp_deep,14,validation,34308,23.70575069397455,13.550395679019857,0.5782119631767273,0.02774439938366413,-3.299456834793091,0.0,0.11832542717456818
ex1,mlp_deep,15,validation,34308,24.46196649799822,12.863798624952324,0.5575845241546631,0.026862071827054024,-3.2984812259674072,0.0,0.11721466481685638
ex1,mlp_deep,16,validation,34308,23.8547576929559,14.253752834978513,0.5733910202980042,0.028080813586711884,-3.299473762512207,0.0,0.11774514615535736
ex1,mlp_deep,17,validation,34308,24.079257981968112,13.256547037919518,0.5888704061508179,0.02679157815873623,-3.297788619995117,0.0,0.12019788473844528
ex1,mlp_deep,18,validation,34308,24.033004443976097,13.805113781942055,0.6111630797386169,0.02741570770740509,-3.297377109527588,0.0,0.1190701574087143
ex1,mlp_deep,19,validation,34308,24.951803007046692,12.557515517051797,0.5158906579017639,0.027787595987319946,-3.2989742755889893,0.0,0.12410037219524384
ex1,mlp_deep,20,validation,34308,24.545444856979884,13.970693577139173,0.5772008299827576,0.027063176035881042,-3.299180746078491,0.0,0.11951395124197006
ex1,mlp_deep,21,validation,34308,24.927454527991358,13.568262908025645,0.5216003060340881,0.026954157277941704,-3.2982847690582275,0.0,0.122367724776268
ex1,mlp_deep,22,validation,34308,24.46058733901009,14.117094931018073,0.5884615778923035,0.027591951191425323,-3.2992935180664062,0.0,0.11874878406524658
ex1,mlp_deep,23,validation,34308,24.533911256992724,14.14041743701091,0.576783299446106,0.02791059948503971,-3.3001890182495117,0.0,0.11836598813533783
ex1,mlp_deep,24,validation,34308,24.726456113974564,13.938082661945373,0.5809217691421509,0.027771228924393654,-3.299553871154785,0.0,0.11726303398609161
ex1,mlp_deep,25,validation,34308,24.742526527959853,14.013694383960683,0.5814952850341797,0.027308396995067596,-3.2979893684387207,0.0,0.11821330338716507
ex1,mlp_deep,26,validation,34308,23.351509020023514,13.9788945139735,0.6186398863792419,0.027344169095158577,-3.297217845916748,0.0,0.11944091320037842
ex1,mlp_deep,27,validation,34308,23.808132388978265,12.667498276976403,0.5870772004127502,0.02722666598856449,-3.2996017932891846,0.0,0.1192045658826828
ex1,mlp_deep,28,validation,34308,25.992650812026113,13.648477551992983,0.5808400511741638,0.02746330387890339,-3.2988131046295166,0.0,0.11884570866823196
ex1,mlp_deep,29,validation,34308,26.233421611017548,13.400921600987203,0.574494481086731,0.027027342468500137,-3.2996203899383545,0.0,0.1199568435549736
ex2,fourier,0,validation,3072,7.82072394300485,8.256302540074103,0.2785737216472626,0.000823569018393755,-11.582914352416992,0.0,5.8004181482829154e-05
ex2,fourier,1,validation,3072,7.744017994962633,7.075372387014795,0.2635416090488434,0.000749408092815429,-11.584427833557129,0.0,5.807025445392355e-05
ex2,fourier,2,validation,3072,7.486345220007934,8.23491645802278,0.29198986291885376,0.0009009438217617571,-11.579379081726074,0.0,5.8316531067248434e-05
ex2,fourier,3,validation,3072,7.880961945978925,8.09924435307039,0.27680328488349915,0.0008443316328339279,-11.582414627075195,0.0,5.854272239957936e-05
ex2,fourier,4,validation,3072,7.520758992002811,7.295002432947513,0.24081337451934814,0.0006535337888635695,-11.590178489685059,0.0,5.7864592236001045e-05
ex2,fourier,5,validation,3072,7.793181849992834,7.511135943001136,0.2739415466785431,0.0008100653067231178,-11.584343910217285,0.0,5.7962512073572725e-05
ex2,fourier,6,validation,3072,7.2795945960097015,8.087241410976276,0.2710162401199341,0.0008040001848712564,-11.584758758544922,0.0,5.778502600151114e-05
ex2,fourier,7,validation,3072,7.626981384004466,7.586562098993454,0.28873082995414734,0.0008824491524137557,-11.579586029052734,0.0,5.823811807204038e-05
ex2,fourier,8,validation,3072,7.750784303992987,7.945905516971834,0.2679409384727478,0.0007696836837567389,-11.585602760314941,0.0,5.7637917052488774e-05
ex2,fourier,9,validation,3072,8.113791008945554,7.64250485697994,0.2771875858306885,0.000816077517811209,-11.583459854125977,0.0,5.7784134696703404e-05
ex2,fourier,10,validation,3072,7.240171940997243,7.480291839048732,0.27909162640571594,0.0008377932826988399,-11.58224868774414,0.0,5.8504090702626854e-05
ex2,fourier,11,validation,3072,7.696162421954796,7.784269922936801,0.25389039516448975,0.0006475436384789646,-11.58597469329834,0.0,5.7765708334045485e-05
ex2,fourier,12,validation,3072,7.43815253599314,7.8478793620015495,0.28432637453079224,0.0008599869906902313,-11.582070350646973,0.0,5.775770841864869e-05
ex2,fourier,13,validation,3072,7.868609477009159,7.680001250002533,0.2734344005584717,0.0007419363246299326,-11.582459449768066,0.0,5.7778117479756474e-05
ex2,fourier,14,validation,3072,7.66741323901806,7.727480823989026,0.2723354995250702,0.0007994446787051857,-11.583894729614258,0.0,5.779732600785792e-05
ex2,fourier,15,validation,3072,8.079109976999462,7.802634306019172,0.27420058846473694,0.0008048310410231352,-11.583948135375977,0.0,5.7776629546424374e-05
ex2,fourier,16,validation,3072,7.380210821051151,7.883587659918703,0.27489930391311646,0.0008003920665942132,-11.582528114318848,0.0,5.804929242003709e-05
ex2,fourier,17,validation,3072,8.091173070017248,7.28678215900436,0.27616584300994873,0.0008060220279730856,-11.583946228027344,0.0,5.7737826864467934e-05
ex2,fourier,18,validation,3072,7.647332291002385,7.391319872112945,0.272177517414093,0.0007975701009854674,-11.583246231079102,0.0,5.82416687393561e-05
ex2,fourier,19,validation,3072,8.312531785981264,7.482404572016094,0.27034059166908264,0.0007843436324037611,-11.58565616607666,0.0,5.789336864836514e-05
ex2,fourier,20,validation,3072,7.432653681957163,8.16814720799448,0.2679187059402466,0.000785068201366812,-11.585298538208008,0.0,5.78396902710665e-05
ex2,fourier,21,validation,3072,7.664728674979415,7.688928130024578,0.27653563022613525,0.0008320700726471841,-11.584488868713379,0.0,5.789965143776499e-05
ex2,fourier,22,validation,3072,7.6520170560106635,7.6445535129169,0.28389763832092285,0.0008617109851911664,-11.5812349319458,0.0,5.7629185903351754e-05
ex2,fourier,23,validation,3072,7.993222938035615,7.289755364996381,0.257516473531723,0.0006454886752180755,-11.58688735961914,0.0,5.792647061753087e-05
ex2,fourier,24,validation,3072,7.274051581975073,7.612872282974422,0.26605385541915894,0.0007607575389556587,-11.584285736083984,0.0,5.8025281759910285e-05
ex2,fourier,25,validation,3072,7.546187945990823,7.471296034986153,0.2689553201198578,0.0007868321263231337,-11.583775520324707,0.0,5.859057273482904e-05
ex2,fourier,26,validation,3072,7.57519876700826,7.9185444000177085,0.28179341554641724,0.0008597041596658528,-11.58288860321045,0.0,5.776999023510143e-05
ex2,fourier,27,validation,3072,8.256772576947697,7.397146409086417,0.2786268889904022,0.0007731567602604628,-11.581320762634277,0.0,5.77543796680402e-05
ex2,fourier,28,validation,3072,7.447942492959555,7.583503269008361,0.27306047081947327,0.0008177785202860832,-11.582969665527344,0.0,5.8357709349365905e-05
ex2,fourier,29,validation,3072,7.839042589010205,7.377500165021047,0.27842003107070923,0.0008465916034765542,-11.584546089172363,0.0,5.773660450358875e-05
ex2,mlp_shallow,0,validation,2185,8.356154942011926,8.534543952089734,0.02385692112147808,0.00026132643688470125,-11.609602928161621,0.0,5.536523531191051e-05
ex2,mlp_shallow,1,validation,2185,8.84994863398606,8.63647011097055,0.02357976697385311,0.0002694383729249239,-11.609726905822754,0.0,5.5358897952828556e-05
ex2,mlp_shallow,2,validation,2185,7.5640849309857,8.734205844986718,0.02377180941402912,0.00028070039115846157,-11.60959243774414,0.0,5.532398063223809e-05
ex2,mlp_shallow,3,validation,2185,8.019527641998138,8.829035605944227,0.02338208258152008,0.0002627635549288243,-11.609285354614258,0.0,5.510461414814927e-05
ex2,mlp_shallow,4,validation,2185,8.318966221995652,8.300707833957858,0.024055080488324165,0.000274477933999151,-11.609148979187012,0.0,5.5396500101778656e-05
ex2,mlp_shallow,5,validation,2185,8.590791839000303,8.515798912965693,0.023784320801496506,0.00027534979744814336,-11.610042572021484,0.0,5.513587893801741e-05
ex2,mlp_shallow,6,validation,2185,8.11857107898686,8.327654097927734,0.023015465587377548,0.0002821209782268852,-11.608611106872559,0.0,5.55358492420055e-05
ex2,mlp_shallow,7,validation,2185,7.994780432956759,8.482628124009352,0.0236870888620615,0.00028139015194028616,-11.610624313354492,0.0,5.499317921930924e-05
ex2,mlp_shallow,8,validation,2185,8.62192015198525,8.30851811595494,0.023449264466762543,0.0002729026891756803,-11.608538627624512,0.0,5.53270620002877e-05
ex2,mlp_shallow,9,validation,2185,8.504837360989768,8.663161278003827,0.023539485409855843,0.0002660552563611418,-11.609870910644531,0.0,5.5330543546006083e-05
ex2,mlp_shallow,10,validation,2185,8.251067868026439,8.473355771042407,0.023785119876265526,0.0002716254675760865,-11.6085205078125,0.0,5.532165596378036e-05
ex2,mlp_shallow,11,validation,2185,8.470631723990664,8.971634207991883,0.023854276165366173,0.0002786245313473046,-11.609270095825195,0.0,5.53697973373346e-05
ex2,mlp_shallow,12,validation,2185,8.756975886994042,8.463692737044767,0.0237402506172657,0.00027249165577813983,-11.61009693145752,0.0,5.520375998457894e-05
ex2,mlp_shallow,13,validation,2185,8.4466187049984,9.135961328982376,0.02374213933944702,0.00027467714971862733,-11.609846115112305,0.0,5.524885273189284e-05
ex2,mlp_shallow,14,validation,2185,7.980478255019989,8.21029991103569,0.023828215897083282,0.0002795971813611686,-11.610344886779785,0.0,5.530393900698982e-05
ex2,mlp_shallow,15,validation,2185,8.18310985295102,9.040427175001241,0.023674460127949715,0.00026376257301308215,-11.610498428344727,0.0,5.50071126781404e-05
ex2,mlp_shallow,16,validation,2185,8.048571766994428,9.077297446958255,0.02364063262939453,0.0002748154802247882,-11.610352516174316,0.0,5.539970879908651e-05
ex2,mlp_shallow,17,validation,2185,8.384738237014972,9.34799713396933,0.023638833314180374,0.00027243286604061723,-11.609687805175781,0.0,5.538683763006702e-05
ex2,mlp_shallow,18,validation,2185,7.744433255051263,8.181820476951543,0.023713571950793266,0.0002796012267936021,-11.609724998474121,0.0,5.528131077880971e-05
ex2,mlp_shallow,19,validation,2185,8.208170783007517,8.855565259000286,0.023511556908488274,0.0002706133818719536,-11.609386444091797,0.0,5.518105535884388e-05
ex2,mlp_shallow,20,validation,2185,8.108416047994979,9.00957810296677,0.02351706102490425,0.0002714823349379003,-11.610588073730469,0.0,5.516204328159802e-05
ex2,mlp_shallow,21,validation,2185,8.201770562969614,9.142753674008418,0.023563304916024208,0.00026706571225076914,-11.610494613647461,0.0,5.504360160557553e-05
ex2,mlp_shallow,22,validation,2185,8.228177551005501,8.747834482986946,0.02358044497668743,0.0002571319055277854,-11.61018180847168,0.0,5.5248856369871646e-05
ex2,mlp_shallow,23,validation,2185,7.992765748989768,9.208324444014579,0.02372254803776741,0.0002856719365809113,-11.61057186126709,0.0,5.527631219592877e-05
ex2,mlp_shallow,24,validation,2185,8.628241149999667,8.722327775030863,0.023530958220362663,0.000273327314062044,-11.60944938659668,0.0,5.515548764378764e-05
ex2,mlp_shallow,25,validation,2185,8.465450636984315,8.75104352796916,0.023661423474550247,0.0002782379451673478,-11.61083984375,0.0,5.524082007468678e-05
ex2,mlp_shallow,26,validation,2185,8.004852227983065,8.735957614029758,0.023982740938663483,0.0002645337663125247,-11.61068058013916,0.0,5.517493264051154e-05
ex2,mlp_shallow,27,validation,2185,7.90134520403808,8.865286612999626,0.0236447062343359,0.00027134959236718714,-11.6105318069458,0.0,5.5298969527939335e-05
ex2,mlp_shallow,28,validation,2185,8.935476153972559,8.405810502939858,0.02363564260303974,0.00026823909138329327,-11.610475540161133,0.0,5.5357209930662066e-05
ex2,mlp_shallow,29,validation,2185,8.481345948006492,8.89160037500551,0.023536913096904755,0.0002802457311190665,-11.610200881958008,0.0,5.533228613785468e-05
ex2,mlp_deep,0,validation,9417,8.375078590994235,9.754705331928562,0.02594265714287758,0.00017437840870115906,-11.60490894317627,0.0,5.737434548791498e-05
ex2,mlp_deep,1,validation,9417,8.494949840009212,10.300090564996935,0.02655208297073841,0.00018316191562917084,-11.603654861450195,0.0,5.857019641553052e-05
ex2,mlp_deep,2,validation,9417,9.45844452403253,9.99586815899238,0.027318784967064857,0.00017356310854665935,-11.605911254882812,0.0,5.7581863075029105e-05
ex2,mlp_deep,3,validation,9417,9.04702592198737,10.031841342046391,0.026260502636432648,0.0001816762232920155,-11.606191635131836,0.0,5.8460671425564215e-05
ex2,mlp_deep,4,validation,9417,8.129508609010372,9.555215863976628,0.026887796819210052,0.0001888683036668226,-11.604767799377441,0.0,5.832440365338698e-05
ex2,mlp_deep,5,validation,9417,8.775219483999535,10.011051414068788,0.02696886658668518,0.00018803655984811485,-11.605460166931152,0.0,5.844127736054361e-05
ex2,mlp_deep,6,validation,9417,8.931203451997135,10.433329519000836,0.025733375921845436,0.00018384733994025737,-11.603805541992188,0.0,5.857686483068392e-05
ex2,mlp_deep,7,validation,9417,8.801712039043196,10.498572807002347,0.028472483158111572,0.00017355817544739693,-11.604992866516113,0.0,5.733932994189672e-05
ex2,mlp_deep,8,validation,9417,8.234096947999205,9.905841780942865,0.028602536767721176,0.00017295863653998822,-11.605936050415039,0.0,5.756632162956521e-05
ex2,mlp_deep,9,validation,9417,8.645836736017372,10.107363235962112,0.02903073839843273,0.00018698786152526736,-11.605420112609863,0.0,5.8333203924121335e-05
ex2,mlp_deep,10,validation,9417,8.605359760986175,9.921469697088469,0.028249306604266167,0.0001882007927633822,-11.605132102966309,0.0,5.837990465806797e-05
ex2,mlp_deep,11,validation,9417,8.692039321991615,10.470947017951403,0.02980746515095234,0.0001705015602055937,-11.604022979736328,0.0,5.741592758568004e-05
ex2,mlp_deep,12,validation,9417,8.833951842971146,9.92860661499435,0.02641088142991066,0.0001936610642587766,-11.604886054992676,0.0,5.834971307194792e-05
ex2,mlp_deep,13,validation,9417,8.819120876025409,9.900148919958156,0.029405439272522926,0.00018624313815962523,-11.602871894836426,0.0,5.868152584298514e-05
ex2,mlp_deep,14,validation,9417,9.062640937045217,10.085244528017938,0.02742709219455719,0.00018180441111326218,-11.604031562805176,0.0,5.856939606019296e-05
ex2,mlp_deep,15,validation,9417,9.02571065200027,10.874459909042343,0.026971880346536636,0.00017083897546399385,-11.607243537902832,0.0,5.758856423199177e-05
ex2,mlp_deep,16,validation,9417,8.771024046989623,9.559076828008983,0.029798712581396103,0.00017211113299708813,-11.606822967529297,0.0,5.7316559832543135e-05
ex2,mlp_deep,17,validation,9417,8.786081540980376,10.249671794008464,0.028058882802724838,0.00017631282389629632,-11.603750228881836,0.0,5.757281542173587e-05
ex2,mlp_deep,18,validation,9417,8.503004444006365,10.460797769017518,0.024885034188628197,0.00018317894136998802,-11.605646133422852,0.0,5.833380782860331e-05
ex2,mlp_deep,19,validation,9417,8.876098997017834,10.47060144401621,0.027700014412403107,0.00018459621060173959,-11.606278419494629,0.0,5.836748823639937e-05
ex2,mlp_deep,20,validation,9417,8.300468096975237,9.859641990973614,0.02890598587691784,0.00017055164789780974,-11.601999282836914,0.0,5.738418985856697e-05
ex2,mlp_deep,21,validation,9417,8.251145863032434,9.90180427802261,0.0293766837567091,0.00018318519869353622,-11.60499095916748,0.0,5.855667404830456e-05
ex2,mlp_deep,22,validation,9417,8.603004681004677,9.975894829956815,0.027796966955065727,0.0001752750831656158,-11.604219436645508,0.0,5.755586244049482e-05
ex2,mlp_deep,23,validation,9417,8.983989408006892,10.124168418929912,0.027653256431221962,0.00018121040193364024,-11.604605674743652,0.0,5.8620109484763816e-05
ex2,mlp_deep,24,validation,9417,8.138361121003982,10.02872791403206,0.027021048590540886,0.0001840142358560115,-11.60310173034668,0.0,5.8464462199481204e-05
ex2,mlp_deep,25,validation,9417,8.35885378299281,10.365650807972997,0.02697187103331089,0.0001443052606191486,-11.604779243469238,0.0,5.9080281062051654e-05
ex2,mlp_deep,26,validation,9417,9.023467821010854,10.522983260045294,0.02738579548895359,0.00017543889407534152,-11.604599952697754,0.0,5.771461655967869e-05
ex2,mlp_deep,27,validation,9417,8.783694933983497,10.38928690290777,0.029074952006340027,0.00018416382954455912,-11.603809356689453,0.0,5.855537892784923e-05
ex2,mlp_deep,28,validation,9417,8.301302149950061,10.21379092906136,0.025993742048740387,0.0001881068164948374,-11.605158805847168,0.0,5.838860306539573e-05
ex2,mlp_deep,29,validation,9417,8.511805586982518,10.251288309984375,0.027424855157732964,0.00018579275638330728,-11.605512619018555,0.0,5.840577796334401e-05
ex3,mlp_shallow,0,validation,89153,40.79053958499571,12.410347404016647,2.427781105041504,0.014178387820720673,-20.735668182373047,0.0,0.050563663244247437
ex3,mlp_shallow,1,validation,89153,41.8206071369932,12.887335671985056,2.4277806282043457,0.014179795049130917,-20.735591888427734,0.0,0.05063370242714882
ex3,mlp_shallow,2,validation,89153,41.052184888976626,12.76361577399075,2.4277827739715576,0.014172513969242573,-20.735671997070312,0.0,0.050698477774858475
ex3,mlp_shallow,3,validation,89153,40.38028648099862,12.428653569018934,2.427773952484131,0.014174801297485828,-20.735637664794922,0.0,0.05044393241405487
ex3,mlp_shallow,4,validation,89153,40.273965006985236,12.499644602066837,2.427786111831665,0.014187732711434364,-20.735681533813477,0.0,0.0507374033331871
ex3,mlp_shallow,5,validation,89153,40.02482772094663,12.447951377078425,2.427783966064453,0.01419118419289589,-20.735639572143555,0.0,0.050691649317741394
ex3,mlp_shallow,6,validation,89153,39.63246598804835,11.945217306027189,2.427781820297241,0.014178825542330742,-20.735692977905273,0.0,0.05055052787065506
ex3,mlp_shallow,7,validation,89153,41.65345389698632,12.700237217009999,2.427769899368286,0.014182577840983868,-20.735692977905273,0.0,0.05069982260465622
ex3,mlp_shallow,8,validation,89153,42.09014186600689,12.56302062002942,2.4277844429016113,0.014164652675390244,-20.735633850097656,0.0,0.050679273903369904
ex3,mlp_shallow,9,validation,89153,40.32481716503389,12.49839405703824,2.4277782440185547,0.014182713814079762,-20.73566436767578,0.0,0.05062805116176605
ex3,mlp_shallow,10,validation,89153,39.27524859900586,12.451185475976672,2.427786350250244,0.014173833653330803,-20.73560905456543,0.0,0.05061715096235275
ex3,mlp_shallow,11,validation,89153,41.2842290950357,12.546001996903215,2.427778959274292,0.014182670041918755,-20.73564338684082,0.0,0.050811607390642166
ex3,mlp_shallow,12,validation,89153,41.18808424600866,12.417168683023192,2.427792549133301,0.014176901429891586,-20.73560333251953,0.0,0.05060815438628197
ex3,mlp_shallow,13,validation,89153,40.0030457819812,12.802826619939879,2.427773952484131,0.014180959202349186,-20.735626220703125,0.0,0.05071283504366875
ex3,mlp_shallow,14,validation,89153,40.72260985401226,12.628423552960157,2.4277758598327637,0.014189034700393677,-20.735637664794922,0.0,0.05060847848653793
ex3,mlp_shallow,15,validation,89153,40.44901471596677,12.376441828964744,2.4277846813201904,0.014166523702442646,-20.735715866088867,0.0,0.05077165365219116
ex3,mlp_shallow,16,validation,89153,42.093670175992884,12.261057125986554,2.4277865886688232,0.014172759838402271,-20.73557472229004,0.0,0.050609540194272995
ex3,mlp_shallow,17,validation,89153,40.87819496396696,12.284283428045455,2.4277760982513428,0.014173781499266624,-20.735637664794922,0.0,0.050569381564855576
ex3,mlp_shallow,18,validation,89153,41.02945154794725,12.299821027030703,2.427777051925659,0.014175529591739178,-20.73566436767578,0.0,0.0507829375565052
ex3,mlp_shallow,19,validation,89153,40.164095678017475,12.456916883937083,2.4277727603912354,0.014170323498547077,-20.735637664794922,0.0,0.05075380951166153
ex3,mlp_shallow,20,validation,89153,41.1646853860002,12.211703877022956,2.4277679920196533,0.014178046956658363,-20.735647201538086,0.0,0.050712522119283676
ex3,mlp_shallow,21,validation,89153,40.778267924964894,12.834980948944576,2.4277844429016113,0.014178354293107986,-20.735591888427734,0.0,0.05045470967888832
ex3,mlp_shallow,22,validation,89153,39.99154344503768,12.530506345909089,2.4277753829956055,0.014172627590596676,-20.735708236694336,0.0,0.05063515901565552
ex3,mlp_shallow,23,validation,89153,40.652428122994024,12.567756264004856,2.4277777671813965,0.014178034849464893,-20.735631942749023,0.0,0.05065799504518509
ex3,mlp_shallow,24,validation,89153,41.59419685299508,12.717506960965693,2.427781105041504,0.014165187254548073,-20.73563003540039,0.0,0.05071470886468887
ex3,mlp_shallow,25,validation,89153,41.54174246202456,12.347338022955228,2.4277727603912354,0.014176864176988602,-20.735618591308594,0.0,0.050662580877542496
ex3,mlp_shallow,26,validation,89153,39.73323092900682,12.779966382018756,2.4277966022491455,0.014190946705639362,-20.73555564880371,0.0,0.05066368728876114
ex3,mlp_shallow,27,validation,89153,40.55324312002631,12.76245066797128,2.4277760982513428,0.014177540317177773,-20.735633850097656,0.0,0.05065849795937538
ex3,mlp_shallow,28,validation,89153,40.491444053011946,12.446321409021039,2.4277799129486084,0.014178654178977013,-20.735637664794922,0.0,0.05075675621628761
ex3,mlp_shallow,29,validation,89153,41.04597540397663,12.911993442045059,2.4277706146240234,0.014172924682497978,-20.73568344116211,0.0,0.05070915445685387
ex5,fourier,0,validation,3072,33.34446595294867,5.1538043759646825,0.06745700538158417,0.0010516979964450002,-11.701972961425781,0.0,2.821484713422251e-06
ex5,fourier,1,validation,3072,35.796206068014726,5.06815477903001,0.06746149808168411,0.001041867770254612,-11.70242977142334,0.0,2.820857844199054e-06
ex5,fourier,2,validation,3072,35.38826284598326,5.3525940019171685,0.06748013198375702,0.0010587708093225956,-11.70193099975586,0.0,2.8221575121278875e-06
ex5,fourier,3,validation,3072,34.63468278001528,5.483439445961267,0.06726603955030441,0.000886509835254401,-11.7048978805542,0.0,2.8103695512982085e-06
ex5,fourier,4,validation,3072,32.92285134497797,5.635854259075131,0.0674886554479599,0.0010631479090079665,-11.701925277709961,0.0,2.823778231686447e-06
ex5,fourier,5,validation,3072,34.22762642597081,5.387825798941776,0.06746861338615417,0.0010487204417586327,-11.702171325683594,0.0,2.824413513735635e-06
ex5,fourier,6,validation,3072,36.27209499897435,5.36548042204231,0.06726305931806564,0.0009049937361851335,-11.70474910736084,0.0,2.8067374842066783e-06
ex5,fourier,7,validation,3072,36.159376798023004,5.579214650962967,0.06747667491436005,0.001057043788023293,-11.702056884765625,0.0,2.8234760520717828e-06
ex5,fourier,8,validation,3072,34.36503281997284,5.337080027966294,0.06771339476108551,0.0009052688837982714,-11.704949378967285,0.0,2.8891463443869725e-06
ex5,fourier,9,validation,3072,35.002321669016965,5.399597010924481,0.06746476143598557,0.0010569175938144326,-11.702130317687988,0.0,2.8235460831638193e-06
ex5,fourier,10,validation,3072,35.25793360196985,5.189349298016168,0.06725642085075378,0.0010291006183251739,-11.70240306854248,0.0,2.8287590794207063e-06
ex5,fourier,11,validation,3072,35.87051539495587,5.472311191027984,0.06769562512636185,0.0009740784298628569,-11.703649520874023,0.0,2.9002219434914878e-06
ex5,fourier,12,validation,3072,34.23935217701364,5.327125826966949,0.06747617572546005,0.0010628271847963333,-11.70189094543457,0.0,2.8251411094970535e-06
ex5,fourier,13,validation,3072,34.11026813701028,5.40287738898769,0.06747853010892868,0.0010442896746098995,-11.702385902404785,0.0,2.8217666567798005e-06
ex5,fourier,14,validation,3072,34.92134858801728,5.16660261398647,0.06746846437454224,0.0010546216508373618,-11.702031135559082,0.0,2.8211936751176836e-06
ex5,fourier,15,validation,3072,34.61100657697534,5.341820645960979,0.06727855652570724,0.0009244128596037626,-11.704387664794922,0.0,2.8129570637247525e-06
ex5,fourier,16,validation,3072,35.978589030040894,5.299266394984443,0.06744513660669327,0.0010561485541984439,-11.702103614807129,0.0,2.8258823476789985e-06
ex5,fourier,17,validation,3072,35.43913990899455,5.220599819964264,0.06767654418945312,0.0009949591476470232,-11.703243255615234,0.0,2.9043453650956508e-06
ex5,fourier,18,validation,3072,36.83677306602476,5.53266744496068,0.06729750335216522,0.0008994114468805492,-11.704986572265625,0.0,2.8062020192010095e-06
ex5,fourier,19,validation,3072,35.3658611169667,5.236279670032673,0.0674687996506691,0.001056583714671433,-11.70211124420166,0.0,2.8207580271555344e-06
ex5,fourier,20,validation,3072,34.9585369140259,5.301042674982455,0.06722614914178848,0.0010229053441435099,-11.702445983886719,0.0,2.8284462132432964e-06
ex5,fourier,21,validation,3072,35.60779569298029,5.2239024469745345,0.06746018677949905,0.0010618133237585425,-11.701926231384277,0.0,2.8252861739019863e-06
ex5,fourier,22,validation,3072,34.46586621296592,5.294417796016205,0.06746941059827805,0.0010456236777827144,-11.702325820922852,0.0,2.821468342517619e-06
ex5,fourier,23,validation,3072,35.06842432101257,5.360681389924139,0.06772150844335556,0.0010055097518488765,-11.70290756225586,0.0,2.90485536424967e-06
ex5,fourier,24,validation,3072,35.3245191819733,5.381811356986873,0.06769157201051712,0.0010478234617039561,-11.70222282409668,0.0,2.9106761303410167e-06
ex5,fourier,25,validation,3072,34.833414582011756,5.32398889499018,0.06770797073841095,0.0010198334930464625,-11.702672958374023,0.0,2.907718453570851e-06
ex5,fourier,26,validation,3072,34.751349589030724,5.022558330907486,0.06743752956390381,0.0010515813482925296,-11.702078819274902,0.0,2.8202255180076463e-06
ex5,fourier,27,validation,3072,33.37400098500075,5.425780056917574,0.06727796792984009,0.000986185041256249,-11.703392028808594,0.0,2.8179592845845036e-06
ex5,fourier,28,validation,3072,37.63946184102679,5.315957020036876,0.06741493195295334,0.0010495349997654557,-11.701957702636719,0.0,2.820691179294954e-06
ex5,fourier,29,validation,3072,34.160794502007775,4.93367483606562,0.06745022535324097,0.0010562153765931726,-11.702035903930664,0.0,2.82168934973015e-06
ex5,mlp_shallow,0,validation,2564,39.939055205031764,6.744992810941767,0.0676131471991539,0.0011176570551469922,-11.69926929473877,0.0,2.8317872420302592e-06
ex5,mlp_shallow,1,validation,2564,39.94285810098518,6.905886649095919,0.06759382784366608,0.0011164298048242927,-11.699352264404297,0.0,2.8301192287472077e-06
ex5,mlp_shallow,2,validation,2564,39.03950615704525,6.39997038099682,0.06767439097166061,0.0010945574613288045,-11.699627876281738,0.0,2.8192523586767493e-06
ex5,mlp_shallow,3,validation,2564,38.789779373968486,6.611957782006357,0.06774507462978363,0.0011086135637015104,-11.699344635009766,0.0,2.825620413204888e-06
ex5,mlp_shallow,4,validation,2564,36.74531605700031,6.581380567047745,0.06771405786275864,0.0011240371968597174,-11.69912338256836,0.0,2.8352706067380495e-06
ex5,mlp_shallow,5,validation,2564,38.35682181199081,6.524194216995966,0.06771418452262878,0.0011218700092285872,-11.699064254760742,0.0,2.8312390440987656e-06
ex5,mlp_shallow,6,validation,2564,39.154042745998595,6.972736041992903,0.06770562380552292,0.0011013852199539542,-11.699522018432617,0.0,2.8278552690608194e-06
ex5,mlp_shallow,7,validation,2564,39.42127672099741,7.906740242964588,0.06765304505825043,0.0011056165676563978,-11.699458122253418,0.0,2.829282720995252e-06
ex5,mlp_shallow,8,validation,2564,38.40153031900991,6.153526445035823,0.06778395175933838,0.0011069201864302158,-11.699298858642578,0.0,2.823390559569816e-06
ex5,mlp_shallow,9,validation,2564,39.50754128600238,6.4548159970436245,0.06771596521139145,0.001115571241825819,-11.69921588897705,0.0,2.830850462487433e-06
ex5,mlp_shallow,10,validation,2564,38.26006318599684,6.77111178310588,0.0676908940076828,0.0011127867037430406,-11.6992769241333,0.0,2.8318631848378573e-06
ex5,mlp_shallow,11,validation,2564,38.081573018978816,7.113147731986828,0.06773390620946884,0.0011188674252480268,-11.699216842651367,0.0,2.8315873805695446e-06
ex5,mlp_shallow,12,validation,2564,39.107326495985035,7.101510780979879,0.06762778759002686,0.0011113695800304413,-11.699408531188965,0.0,2.829479626598186e-06
ex5,mlp_shallow,13,validation,2564,39.93111702101305,6.7355022939736955,0.06773736327886581,0.001097313011996448,-11.699559211730957,0.0,2.822375336108962e-06
ex5,mlp_shallow,14,validation,2564,40.73381235200213,6.533951924939174,0.06759441643953323,0.0010989076690748334,-11.699633598327637,0.0,2.823807562890579e-06
ex5,mlp_shallow,15,validation,2564,38.95511473400984,6.684475495945662,0.0676814615726471,0.0011013408657163382,-11.699495315551758,0.0,2.8291397029533982e-06
ex5,mlp_shallow,16,validation,2564,38.59873903798871,7.803678063093685,0.06758629530668259,0.0011042638216167688,-11.699467658996582,0.0,2.825415776896989e-06
ex5,mlp_shallow,17,validation,2564,39.21927058999427,6.4505613060318865,0.06769627332687378,0.0010994821786880493,-11.69963264465332,0.0,2.824491957653663e-06
ex5,mlp_shallow,18,validation,2564,39.318275331985205,7.024882183002774,0.06761813163757324,0.00110824394505471,-11.699419975280762,0.0,2.82738619716838e-06
ex5,mlp_shallow,19,validation,2564,37.845377074030694,5.967856206058059,0.0676206424832344,0.001100524328649044,-11.699563026428223,0.0,2.8248634862393374e-06
ex5,mlp_shallow,20,validation,2564,38.63967075495748,7.245787127001677,0.06760048866271973,0.001097730826586485,-11.699729919433594,0.0,2.8266122171771713e-06
ex5,mlp_shallow,21,validation,2564,40.963644055998884,6.301018191908952,0.06765733659267426,0.0011066107545047998,-11.699420928955078,0.0,2.8271679184399545e-06
ex5,mlp_shallow,22,validation,2564,38.5689518530271,7.616657238046173,0.06757145375013351,0.0010809717932716012,-11.699994087219238,0.0,2.817773747665342e-06
ex5,mlp_shallow,23,validation,2564,38.70233038900187,7.27628154004924,0.06760820746421814,0.001105808885768056,-11.699477195739746,0.0,2.8258145903237164e-06
ex5,mlp_shallow,24,validation,2564,40.3025996159995,8.347732849069871,0.06769928336143494,0.001100751687772572,-11.699470520019531,0.0,2.823543809427065e-06
ex5,mlp_shallow,25,validation,2564,38.79309154400835,6.352154780004639,0.06775499135255814,0.0011083510471507907,-11.699365615844727,0.0,2.826954869306064e-06
ex5,mlp_shallow,26,validation,2564,39.14642114599701,7.285922073933762,0.06765848398208618,0.0011106249876320362,-11.699386596679688,0.0,2.8277531782805454e-06
ex5,mlp_shallow,27,validation,2564,38.14736960304435,6.949582216038834,0.06769219785928726,0.0010933778248727322,-11.699640274047852,0.0,2.820704594341805e-06
ex5,mlp_shallow,28,validation,2564,41.03539340599673,6.545288969005924,0.06758464872837067,0.001110395765863359,-11.699399948120117,0.0,2.8311667392699746e-06
ex5,mlp_shallow,29,validation,2564,38.57042679499136,6.590787543042097,0.06763242930173874,0.0011083543067798018,-11.69944953918457,0.0,2.827801608873415e-06
ex5,mlp_deep,0,validation,34308,41.784703407029156,12.855373251950368,0.0364576056599617,0.0002902207197621465,-11.807541847229004,0.0,1.4626630218117498e-06
ex5,mlp_deep,1,validation,34308,42.02933044102974,14.345168830011971,0.04402646794915199,0.0002801683731377125,-11.797043800354004,0.0,1.4278487014962593e-06
ex5,mlp_deep,2,validation,34308,44.427486836968455,11.154653283010703,0.04671695455908775,0.0002711399574764073,-11.796914100646973,0.0,1.3089576214042609e-06
ex5,mlp_deep,3,validation,34308,43.34619589400245,11.531507387931924,0.04543767869472504,0.0002964510931633413,-11.78886890411377,0.0,1.551953118905658e-06
ex5,mlp_deep,4,validation,34308,47.307677036034875,11.00379436503863,0.04634770005941391,0.00028359919087961316,-11.793664932250977,0.0,1.4015876104167546e-06
ex5,mlp_deep,5,validation,34308,42.15618328098208,12.101184120052494,0.04494724050164223,0.0002916731173172593,-11.795000076293945,0.0,1.4277354694058886e-06
ex5,mlp_deep,6,validation,34308,44.02284835500177,11.177447531023063,0.04736015200614929,0.0002793252933770418,-11.794544219970703,0.0,1.326494270870171e-06
ex5,mlp_deep,7,validation,34308,42.89088417601306,11.262897341046482,0.04651741310954094,0.00026805521338246763,-11.795441627502441,0.0,1.3297441228132811e-06
ex5,mlp_deep,8,validation,34308,42.12950650602579,10.33297103800578,0.04646871238946915,0.000321957137202844,-11.78679370880127,0.0,1.5904893189144786e-06
ex5,mlp_deep,9,validation,34308,43.38790322502609,10.811585538031068,0.04631352797150612,0.00030109414365142584,-11.790323257446289,0.0,1.4936091474737623e-06
ex5,mlp_deep,10,validation,34308,44.861206826986745,12.001129243988544,0.04841325804591179,0.00028288253815844655,-11.792387962341309,0.0,1.3575640878116246e-06
ex5,mlp_deep,11,validation,34308,45.15544174000388,11.990890907065477,0.046987321227788925,0.0003047386126127094,-11.787734985351562,0.0,1.5646936617486062e-06
ex5,mlp_deep,12,validation,34308,40.19520132604521,10.74715676996857,0.04680145904421806,0.0002880308893509209,-11.788444519042969,0.0,1.5065216985021834e-06
ex5,mlp_deep,13,validation,34308,41.929608356032986,11.072493819985539,0.046918682754039764,0.00026709475787356496,-11.79461669921875,0.0,1.3443710713545443e-06
ex5,mlp_deep,14,validation,34308,44.235474170011,11.397407815034967,0.044072721153497696,0.0002734067675191909,-11.799531936645508,0.0,1.3636326912092045e-06
ex5,mlp_deep,15,validation,34308,42.6068452129839,11.199108186003286,0.04653939604759216,0.0002986827166751027,-11.790766716003418,0.0,1.4661513887403999e-06
ex5,mlp_deep,16,validation,34308,40.87572277302388,11.403206683055032,0.04496290162205696,0.0002925049338955432,-11.790718078613281,0.0,1.5413405662911828e-06
ex5,mlp_deep,17,validation,34308,41.92372348700883,11.19489710603375,0.04752618819475174,0.00029717388679273427,-11.793545722961426,0.0,1.3913515886088135e-06
ex5,mlp_deep,18,validation,34308,41.849430734000634,12.353355731989723,0.0468708761036396,0.000280886422842741,-11.793370246887207,0.0,1.4009741562404088e-06
ex5,mlp_deep,19,validation,34308,41.20032332302071,12.211053711012937,0.04321541264653206,0.0002908180467784405,-11.797261238098145,0.0,1.4602977671529516e-06
ex5,mlp_deep,20,validation,34308,41.21601615601685,11.441881910024676,0.0473373644053936,0.00029979561804793775,-11.78864860534668,0.0,1.518809654044162e-06
ex5,mlp_deep,21,validation,34308,41.38442784897052,11.770022733020596,0.03549160435795784,0.000266981718596071,-11.815199851989746,0.0,1.3769096085525234e-06
ex5,mlp_deep,22,validation,34308,42.36439525295282,12.18481665395666,0.042831603437662125,0.0002908252354245633,-11.796021461486816,0.0,1.4875265605951427e-06
ex5,mlp_deep,23,validation,34308,43.97791760601103,12.09563049202552,0.04651786386966705,0.00027835482615046203,-11.792196273803711,0.0,1.4020328080732725e-06
ex5,mlp_deep,24,validation,34308,40.097787544014864,11.152336225030012,0.04548202455043793,0.00030081201111897826,-11.786746978759766,0.0,1.6057975926742074e-06
ex5,mlp_deep,25,validation,34308,41.6570616060053,11.343369662063196,0.04502652958035469,0.0002981503203045577,-11.790125846862793,0.0,1.5332580005633645e-06
ex5,mlp_deep,26,validation,34308,41.26008564000949,13.300033189996611,0.04691566899418831,0.00027724954998120666,-11.793155670166016,0.0,1.3570021337727667e-06
ex5,mlp_deep,27,validation,34308,40.90156177798053,12.296138196019456,0.039772022515535355,0.00028527711401693523,-11.803848266601562,0.0,1.4795260767641594e-06
ex5,mlp_deep,28,validation,34308,42.34641873295186,12.152663106971886,0.037339743226766586,0.00027174685965292156,-11.810781478881836,0.0,1.3501322655429249e-06
ex5,mlp_deep,29,validation,34308,40.87865775998216,10.996853857010137,0.046603504568338394,0.0002729894476942718,-11.797090530395508,0.0,1.3068668067717226e-06
ex7,fourier,0,validation,6144,50.9623116190196,5.263798127009068,0.15796183049678802,0.00014156915131025016,-8.686361312866211,0.0,0.009667030535638332
ex7,fourier,1,validation,6144,51.99321202799911,5.503634922031779,0.15948456525802612,0.000141492739203386,-8.686295509338379,0.0,0.009667020291090012
ex7,fourier,2,validation,6144,50.203450724016875,7.5956803720328026,0.15918651223182678,0.00014103359717410058,-8.686332702636719,0.0,0.009666570462286472
ex7,fourier,3,validation,6144,51.03867253201315,7.715365695941728,0.15964439511299133,0.00014348502736538649,-8.686302185058594,0.0,0.00966278649866581
ex7,fourier,4,validation,6144,50.16769276902778,6.555069147085305,0.15755793452262878,0.0001381632755510509,-8.686458587646484,0.0,0.009676818735897541
ex7,fourier,5,validation,6144,51.103431035007816,5.956823333981447,0.15961772203445435,0.00014050160825718194,-8.686323165893555,0.0,0.009668434038758278
ex7,fourier,6,validation,6144,52.20367207599338,5.183997583983,0.15763263404369354,0.00013948757259640843,-8.686424255371094,0.0,0.009673340246081352
ex7,fourier,7,validation,6144,50.40301168500446,5.681778496073093,0.157281756401062,0.00013844585919287056,-8.686470985412598,0.0,0.009675872512161732
ex7,fourier,8,validation,6144,49.92322472995147,6.123304449953139,0.15703192353248596,0.00013823738845530897,-8.686509132385254,0.0,0.009676305577158928
ex7,fourier,9,validation,6144,50.84104607300833,6.614058220002335,0.16027440130710602,0.00014157033001538366,-8.68625259399414,0.0,0.009665900841355324
ex7,fourier,10,validation,6144,50.99685318098636,5.357620397000574,0.16022950410842896,0.00014392771117854863,-8.686171531677246,0.0,0.009625625796616077
ex7,fourier,11,validation,6144,51.79185437801061,6.358178285008762,0.16035202145576477,0.0001420564076397568,-8.686222076416016,0.0,0.009663617238402367
ex7,fourier,12,validation,6144,50.764210623980034,5.313947950024158,0.15824788808822632,0.0001401329500367865,-8.686416625976562,0.0,0.009670746512711048
ex7,fourier,13,validation,6144,50.92641606304096,5.296859005000442,0.15695174038410187,0.00013974145986139774,-8.686514854431152,0.0,0.00967335794121027
ex7,fourier,14,validation,6144,50.38559944398003,6.341111484041903,0.15721352398395538,0.0001374854618916288,-8.686518669128418,0.0,0.009677540510892868
ex7,fourier,15,validation,6144,51.13253937399713,6.364992488990538,0.16133587062358856,0.0001424114016117528,-8.686152458190918,0.0,0.009654971770942211
ex7,fourier,16,validation,6144,50.99384711898165,5.574782176990993,0.1647249460220337,0.00014621599984820932,-8.685957908630371,0.0,0.009640387259423733
ex7,fourier,17,validation,6144,50.21535292797489,5.862863941991236,0.15668350458145142,0.00013917639444116503,-8.686470031738281,0.0,0.009673831053078175
ex7,fourier,18,validation,6144,50.28373026900226,5.187326515966561,0.16539055109024048,0.00014576350804418325,-8.6858491897583,0.0,0.00962741207331419
ex7,fourier,19,validation,6144,52.65210795204621,4.9277082059998065,0.15715397894382477,0.00014087498129811138,-8.68641185760498,0.0,0.009650963358581066
ex7,fourier,20,validation,6144,50.535720309009776,5.858192335057538,0.15779778361320496,0.00013930635759606957,-8.686433792114258,0.0,0.009673435240983963
ex7,fourier,21,validation,6144,50.19803731003776,5.931200661987532,0.1583225131034851,0.00014060005196370184,-8.686381340026855,0.0,0.009670593775808811
ex7,fourier,22,validation,6144,49.74227341602091,5.601474917028099,0.15805265307426453,0.0001392504491377622,-8.686437606811523,0.0,0.009672977030277252
ex7,fourier,23,validation,6144,50.62585978402058,5.27910940599395,0.15785612165927887,0.00014050280151423067,-8.686408042907715,0.0,0.009669075720012188
ex7,fourier,24,validation,6144,51.02157977595925,6.187084525998216,0.1663544625043869,0.00014421480591408908,-8.685890197753906,0.0,0.009658459573984146
ex7,fourier,25,validation,6144,51.82071416999679,6.294596712978091,0.1616939753293991,0.00014148563786875457,-8.686126708984375,0.0,0.009661718271672726
ex7,fourier,26,validation,6144,49.63708416395821,5.857034546963405,0.1583501249551773,0.0001416388404322788,-8.686304092407227,0.0,0.009667892940342426
ex7,fourier,27,validation,6144,50.63345208601095,5.062216689926572,0.15752390027046204,0.00013913080329075456,-8.686454772949219,0.0,0.009669080376625061
ex7,fourier,28,validation,6144,50.57929653901374,5.540522811061237,0.15954597294330597,0.00014200546138454229,-8.686279296875,0.0,0.009666149504482746
ex7,fourier,29,validation,6144,60.39284513297025,5.422648621024564,0.15878358483314514,0.00014195282710716128,-8.686381340026855,0.0,0.009666974656283855
ex7,mlp_shallow,0,validation,5124,59.41165063303197,7.153010563983116,0.1961904913187027,7.842627383070067e-05,-8.68494701385498,0.0,0.00970086082816124
ex7,mlp_shallow,1,validation,5124,59.1946996540064,6.6313729449757375,0.19622313976287842,7.843236380722374e-05,-8.684952735900879,0.0,0.009696582332253456
ex7,mlp_shallow,2,validation,5124,61.026225475012325,6.686866222938988,0.19618043303489685,7.836687291273847e-05,-8.684947967529297,0.0,0.009697748348116875
ex7,mlp_shallow,3,validation,5124,60.788738009054214,6.587912115966901,0.1961946338415146,7.833402196411043e-05,-8.684946060180664,0.0,0.009701445698738098
ex7,mlp_shallow,4,validation,5124,60.34297091996996,6.297897688986268,0.1962147057056427,7.859081233618781e-05,-8.68494987487793,0.0,0.009698892012238503
ex7,mlp_shallow,5,validation,5124,62.65265767503297,6.60897786001442,0.1961727887392044,7.841202022973448e-05,-8.68494701385498,0.0,0.00969948060810566
ex7,mlp_shallow,6,validation,5124,61.30593775596935,6.451382916071452,0.19621053338050842,7.847350934753194e-05,-8.684947967529297,0.0,0.009696468710899353
ex7,mlp_shallow,7,validation,5124,60.11727729300037,6.879111434973311,0.19621320068836212,7.823021587682888e-05,-8.684951782226562,0.0,0.009698629379272461
ex7,mlp_shallow,8,validation,5124,59.43914544204017,6.420717709930614,0.19618165493011475,7.84226504038088e-05,-8.684945106506348,0.0,0.009687979705631733
ex7,mlp_shallow,9,validation,5124,58.54982753098011,6.582483519043308,0.19620168209075928,7.846912194509059e-05,-8.684950828552246,0.0,0.009697474539279938
ex7,mlp_shallow,10,validation,5124,60.56666121300077,6.830874161969405,0.19618310034275055,7.850665133446455e-05,-8.684948921203613,0.0,0.009699047543108463
ex7,mlp_shallow,11,validation,5124,58.86233460204676,6.512402192049194,0.1962081491947174,7.861651829443872e-05,-8.684948921203613,0.0,0.009692629799246788
ex7,mlp_shallow,12,validation,5124,58.93183911097003,6.750521968991961,0.19621558487415314,7.839539466658607e-05,-8.684951782226562,0.0,0.009689493104815483
ex7,mlp_shallow,13,validation,5124,59.032817507046275,6.651085708057508,0.19621095061302185,7.847149390727282e-05,-8.68494701385498,0.0,0.009699609130620956
ex7,mlp_shallow,14,validation,5124,61.30100982799195,6.858417632000055,0.19620363414287567,7.82745482865721e-05,-8.68494987487793,0.0,0.009694400243461132
ex7,mlp_shallow,15,validation,5124,59.334758109005634,6.72347127989633,0.1962002068758011,7.832606934243813e-05,-8.684951782226562,0.0,0.009696106426417828
ex7,mlp_shallow,16,validation,5124,60.26689620898105,6.284840636013541,0.19616641104221344,7.83106152084656e-05,-8.68494701385498,0.0,0.009702692739665508
ex7,mlp_shallow,17,validation,5124,58.503023719007615,6.57712998293573,0.19622014462947845,7.865414954721928e-05,-8.684950828552246,0.0,0.009694372303783894
ex7,mlp_shallow,18,validation,5124,58.17762234597467,6.169463190017268,0.19620227813720703,7.843533967388794e-05,-8.68494987487793,0.0,0.009701221249997616
ex7,mlp_shallow,19,validation,5124,60.14669450704241,7.017563825997058,0.19619998335838318,7.839145109755918e-05,-8.68494987487793,0.0,0.009690609760582447
ex7,mlp_shallow,20,validation,5124,57.39467789296759,6.830478849995416,0.19622597098350525,7.812535477569327e-05,-8.684952735900879,0.0,0.00970184151083231
ex7,mlp_shallow,21,validation,5124,59.49769429897424,6.723542118037585,0.19615796208381653,7.863572682254016e-05,-8.684943199157715,0.0,0.00970324594527483
ex7,mlp_shallow,22,validation,5124,60.079650179017335,7.098008338012733,0.19620326161384583,7.867514796089381e-05,-8.68494701385498,0.0,0.009696226567029953
ex7,mlp_shallow,23,validation,5124,58.93843547796132,6.558791712974198,0.19620172679424286,7.834738789824769e-05,-8.684947967529297,0.0,0.009702647104859352
ex7,mlp_shallow,24,validation,5124,58.80593127897009,6.388885257008951,0.1961728185415268,7.848739915061742e-05,-8.684947967529297,0.0,0.009706821292638779
ex7,mlp_shallow,25,validation,5124,59.00978701299755,6.66045928990934,0.19622278213500977,7.843145431252196e-05,-8.684951782226562,0.0,0.009700837545096874
ex7,mlp_shallow,26,validation,5124,60.299221235036384,6.726912550977431,0.19617637991905212,7.852925773477182e-05,-8.68494987487793,0.0,0.00969419814646244
ex7,mlp_shallow,27,validation,5124,58.77584730403032,6.718045830028132,0.19620013236999512,7.84724616096355e-05,-8.68494987487793,0.0,0.009697896428406239
ex7,mlp_shallow,28,validation,5124,59.138249440002255,6.329319306998514,0.19618459045886993,7.854364230297506e-05,-8.684947967529297,0.0,0.009694616310298443
ex7,mlp_shallow,29,validation,5124,58.78172674198868,6.872100580018014,0.19619569182395935,7.848233508411795e-05,-8.684946060180664,0.0,0.009698398411273956
ex7,mlp_deep,0,validation,134148,67.3032169759972,13.6308079159935,0.12433944642543793,8.754141163080931e-05,-8.686816215515137,0.0,0.009720804169774055
ex7,mlp_deep,1,validation,134148,68.63618257001508,13.453372110088822,0.08876308053731918,0.00020611108629964292,-8.686923027038574,0.0,0.00936184637248516
ex7,mlp_deep,2,validation,134148,65.09920721297385,13.127742263954133,0.08967844396829605,0.00020718057930935174,-8.686834335327148,0.0,0.009359567426145077
ex7,mlp_deep,3,validation,134148,65.43710628396366,12.594590610009618,0.09448746591806412,0.00020580233831424266,-8.686897277832031,0.0,0.009356893599033356
ex7,mlp_deep,4,validation,134148,64.78687869600253,13.594546201988123,0.08663134276866913,0.00020713487174361944,-8.68674087524414,0.0,0.009357917122542858
ex7,mlp_deep,5,validation,134148,63.847778201976325,13.096778020029888,0.08228380978107452,8.831932791508734e-05,-8.687021255493164,0.0,0.009725934825837612
ex7,mlp_deep,6,validation,134148,64.25133481697412,13.19215976295527,0.09732826799154282,0.0001254716917173937,-8.686628341674805,0.0,0.009589464403688908
ex7,mlp_deep,7,validation,134148,64.4423828740255,12.303771606995724,0.102567158639431,0.00020680527086369693,-8.686704635620117,0.0,0.009358115494251251
ex7,mlp_deep,8,validation,134148,66.06529096799204,14.64631456299685,0.12256824970245361,8.617636922281235e-05,-8.686915397644043,0.0,0.009729628451168537
ex7,mlp_deep,9,validation,134148,65.27869994501816,13.869931139051914,0.11759331077337265,8.792597509454936e-05,-8.686835289001465,0.0,0.00971285905689001
ex7,mlp_deep,10,validation,134148,63.02049507998163,13.164931008941494,0.09882167726755142,0.00012366609007585794,-8.686834335327148,0.0,0.009597084484994411
ex7,mlp_deep,11,validation,134148,65.1515197029803,13.106071852962486,0.10006650537252426,0.0002080622798530385,-8.686753273010254,0.0,0.009354505687952042
ex7,mlp_deep,12,validation,134148,63.85757214197656,13.306585751008242,0.10001353919506073,0.0001234042429132387,-8.686638832092285,0.0,0.009597360156476498
ex7,mlp_deep,13,validation,134148,64.36776590603404,13.260479123913683,0.07655204087495804,0.00020674063125625253,-8.687087059020996,0.0,0.009362682700157166
ex7,mlp_deep,14,validation,134148,63.03584858699469,12.8934333010111,0.07681230455636978,0.00020932607003487647,-8.686939239501953,0.0,0.009354274719953537
ex7,mlp_deep,15,validation,134148,66.36727240501205,12.85839811497135,0.1055944487452507,0.00020477539510466158,-8.686787605285645,0.0,0.009363136254251003
ex7,mlp_deep,16,validation,134148,62.75458357302705,12.822789311001543,0.09298794716596603,0.00020622288866434246,-8.68686580657959,0.0,0.00935994554311037
ex7,mlp_deep,17,validation,134148,64.04367502598325,13.422959163028281,0.1305883377790451,0.00011729256948456168,-8.68698787689209,0.0,0.009571638889610767
ex7,mlp_deep,18,validation,134148,63.99033678998239,12.881221065064892,0.09672217816114426,0.00012431538198143244,-8.686707496643066,0.0,0.009596772491931915
ex7,mlp_deep,19,validation,134148,65.63715053501073,12.906647201045416,0.10054586827754974,0.00012396762031130493,-8.686640739440918,0.0,0.009596402756869793
ex7,mlp_deep,20,validation,134148,63.575980535009876,13.453890364035033,0.08730707317590714,0.00020772943389602005,-8.686854362487793,0.0,0.00935742724686861
ex7,mlp_deep,21,validation,134148,68.22874809498899,12.845735444978345,0.10065407305955887,0.00020731420954689384,-8.686731338500977,0.0,0.009357117116451263
ex7,mlp_deep,22,validation,134148,64.90058140503243,12.705823272990528,0.12216821312904358,8.685735519975424e-05,-8.68679141998291,0.0,0.009721837937831879
ex7,mlp_deep,23,validation,134148,65.20370340399677,12.407632187008858,0.10047189891338348,0.00020742839842569083,-8.686771392822266,0.0,0.009354240261018276
ex7,mlp_deep,24,validation,134148,63.50463188998401,13.096475614001974,0.1233474463224411,8.424685074714944e-05,-8.686887741088867,0.0,0.009731904603540897
ex7,mlp_deep,25,validation,134148,63.824166784004774,12.970436396019068,0.0869634672999382,0.00020870605658274144,-8.686758995056152,0.0,0.009352817200124264
ex7,mlp_deep,26,validation,134148,63.49887430598028,12.892661210033111,0.09510226547718048,0.0002073151699732989,-8.686728477478027,0.0,0.009352761320769787
ex7,mlp_deep,27,validation,134148,64.53090594499372,12.892115638009273,0.09445881098508835,0.000125588703667745,-8.686786651611328,0.0,0.009592314250767231
ex7,mlp_deep,28,validation,134148,61.82625856494997,13.304394590028096,0.11204426735639572,3.325518628116697e-05,-8.686631202697754,0.0,0.00989543180912733
ex7,mlp_deep,29,validation,134148,63.06752725399565,12.758517645066604,0.10420764237642288,0.00020335757290013134,-8.686779975891113,0.0,0.00936660636216402
ex6,fourier,0,validation,4096,940.5262321610353,3.6651062889723107,3.266303300857544,0.00010233203647658229,-9.410396575927734,0.0,0.0005674644489772618
ex6,fourier,1,validation,4096,946.3036082470207,3.563554961059708,3.266187906265259,0.00010231071792077273,-9.410396575927734,0.0,0.0005675099091604352
ex6,fourier,2,validation,4096,951.9789303790312,3.7524350770399906,3.2660977840423584,0.00010215992369921878,-9.410399436950684,0.0,0.0005675975698977709
ex6,fourier,3,validation,4096,948.2968475220259,3.81898253102554,3.266357421875,0.00010215991642326117,-9.410398483276367,0.0,0.0005676720174960792
ex6,fourier,4,validation,4096,945.4924138719798,3.8645027549937367,3.2663352489471436,0.00010228735482087359,-9.410396575927734,0.0,0.0005674755666404963
ex6,fourier,5,validation,4096,948.0678904809756,3.74352788599208,3.2662572860717773,0.00010229263716610149,-9.410396575927734,0.0,0.0005674631102010608
ex6,fourier,6,validation,4096,940.7262245210004,3.7858525549527258,3.262849807739258,9.948870138032362e-05,-9.410375595092773,0.0,0.0005592721863649786
ex6,fourier,7,validation,4096,945.8926112089539,3.828925503010396,3.26633358001709,0.00010226594895357266,-9.410396575927734,0.0,0.0005676060100086033
ex6,fourier,8,validation,4096,950.1218753189896,3.7083222219953313,3.269596815109253,0.00010344853944843635,-9.41021728515625,0.0,0.0005446733557619154
ex6,fourier,9,validation,4096,930.2414687179844,3.792840923939366,3.2707114219665527,7.240180275402963e-05,-9.41100025177002,0.0,0.0005703535862267017
ex6,fourier,10,validation,4096,937.0784284760011,3.7608407680527307,3.2660586833953857,0.00010225844744127244,-9.410396575927734,0.0,0.0005675764405168593
ex6,fourier,11,validation,4096,934.7380839860416,3.7829833109863102,3.2704288959503174,6.348536408040673e-05,-9.4111328125,0.0,0.0005764135858044028
ex6,fourier,12,validation,4096,940.2382933899644,3.7843917700229213,3.2661406993865967,0.00010227201710222289,-9.410396575927734,0.0,0.0005675202701240778
ex6,fourier,13,validation,4096,941.0481548649841,3.6919062629458494,3.2649872303009033,0.00015089311636984348,-9.408968925476074,0.0,0.0005245308857411146
ex6,fourier,14,validation,4096,946.9101265160134,3.7345646749599837,3.266231060028076,0.00010232545901089907,-9.41039752960205,0.0,0.0005674830754287541
ex6,fourier,15,validation,4096,945.9382048599655,3.6438525460544042,3.2662320137023926,0.00010228205064777285,-9.410395622253418,0.0,0.0005675759166479111
ex6,fourier,16,validation,4096,929.2701335139573,3.772840934980195,3.2663307189941406,0.00010232080239802599,-9.410396575927734,0.0,0.0005674942512996495
ex6,fourier,17,validation,4096,934.699764059973,3.6319132049684413,3.266188859939575,0.00010232336353510618,-9.410396575927734,0.0,0.0005675096181221306
ex6,fourier,18,validation,4096,946.5094113289961,3.778358298994135,3.266270875930786,0.00010228481551166624,-9.410396575927734,0.0,0.0005675707361660898
ex6,fourier,19,validation,4096,950.3791374650318,3.8930302080116235,3.2662036418914795,0.00010228586324956268,-9.41039752960205,0.0,0.0005675145075656474
ex6,fourier,20,validation,4096,999.9368123550084,3.6555461739772,3.2706387042999268,7.185574213508517e-05,-9.411011695861816,0.0,0.0005708260578103364
ex6,fourier,21,validation,4096,946.8785113900085,3.6960851500043646,3.2726433277130127,5.36227562406566e-05,-9.41114616394043,0.0,0.0005497636157087982
ex6,fourier,22,validation,4096,934.3172320129815,3.5515370540088043,3.266361951828003,0.00010234241199214011,-9.410396575927734,0.0,0.0005673130508512259
ex6,fourier,23,validation,4096,938.8476910769823,3.7315633840626106,3.2661616802215576,0.00010224068682873622,-9.410395622253418,0.0,0.0005677739973179996
ex6,fourier,24,validation,4096,932.9362243220094,3.718575268983841,3.2662627696990967,0.00010223861318081617,-9.410395622253418,0.0,0.000567643262911588
ex6,fourier,25,validation,4096,939.5573517829762,3.609758431906812,3.273491859436035,5.582070298260078e-05,-9.411148071289062,0.0,0.0005598884308710694
ex6,fourier,26,validation,4096,939.8362526000128,3.897323709970806,3.269951105117798,5.470748874358833e-05,-9.411149024963379,0.0,0.0005306146340444684
ex6,fourier,27,validation,4096,940.1635007240111,3.7311541530652903,3.2661592960357666,0.00010230774205410853,-9.410396575927734,0.0,0.0005674978019669652
ex6,fourier,28,validation,4096,935.5661589799565,3.7600906209554523,3.26275372505188,9.945269266609102e-05,-9.410370826721191,0.0,0.0005578566924668849
ex6,fourier,29,validation,4096,931.5051367069827,3.780723520030733,3.262956380844116,9.96847084024921e-05,-9.410379409790039,0.0,0.0005580814322456717
ex6,mlp_shallow,0,validation,4098,1077.805302246008,4.964989580970723,0.35238686203956604,3.2244013709714636e-05,-9.414887428283691,0.0,0.0005941886338405311
ex6,mlp_shallow,1,validation,4098,1067.94162099401,4.705126870947424,0.36664220690727234,3.383196235517971e-05,-9.414826393127441,0.0,0.0005952483625151217
ex6,mlp_shallow,2,validation,4098,1062.208522017987,4.665949856978841,2.0343337059020996,0.00010671216296032071,-9.412132263183594,0.0,0.0005217897705733776
ex6,mlp_shallow,3,validation,4098,1062.5759594879928,4.645119093067478,1.3649159669876099,0.00028926008963026106,-9.403060913085938,0.0,0.0004805990611203015
ex6,mlp_shallow,4,validation,4098,1068.8773544330033,4.896691453002859,3.1528306007385254,0.0002807832497637719,-9.401490211486816,0.0,0.0004803599731530994
ex6,mlp_shallow,5,validation,4098,1056.278268672002,4.814668129081838,3.2758779525756836,0.00013475801097229123,-9.409588813781738,0.0,0.0005671805120073259
ex6,mlp_shallow,6,validation,4098,1062.950844492996,4.741512490028981,0.40897825360298157,3.1113850127439946e-05,-9.414878845214844,0.0,0.0005952043575234711
ex6,mlp_shallow,7,validation,4098,1068.4159392659785,4.666532928007655,3.084901809692383,0.00030498288106173277,-9.39891242980957,0.0,0.00045981479343026876
ex6,mlp_shallow,8,validation,4098,1071.9437103840173,4.691163438023068,2.9956865310668945,0.00015989835083018988,-9.409465789794922,0.0,0.0005243941559456289
ex6,mlp_shallow,9,validation,4098,1067.0630866350257,4.742051536915824,1.3826162815093994,0.00010233673674520105,-9.413093566894531,0.0,0.0005640066810883582
ex6,mlp_shallow,10,validation,4098,1072.7773447950021,5.157985943020321,0.4921131134033203,3.233944153180346e-05,-9.414838790893555,0.0,0.0005942359566688538
ex6,mlp_shallow,11,validation,4098,1069.0323903369717,4.546478166943416,2.8108041286468506,0.0003599689807742834,-9.392289161682129,0.0,0.0004102680250070989
ex6,mlp_shallow,12,validation,4098,1074.7559824659838,4.740166025992949,0.5693501234054565,3.27121997543145e-05,-9.414824485778809,0.0,0.0005939926486462355
ex6,mlp_shallow,13,validation,4098,1081.0711610069848,4.697511047008447,0.4141390025615692,3.253358227084391e-05,-9.414883613586426,0.0,0.0005963428993709385
ex6,mlp_shallow,14,validation,4098,1052.5120461130282,4.722893366997596,0.4583885967731476,3.3887437894009054e-05,-9.414848327636719,0.0,0.000592986005358398
ex6,mlp_shallow,15,validation,4098,1053.8861489169649,5.015337227028795,0.4002373218536377,3.212381852790713e-05,-9.414880752563477,0.0,0.0005962320137768984
ex6,mlp_shallow,16,validation,4098,1094.271031078999,4.689409807964694,0.46641454100608826,3.282442412455566e-05,-9.414844512939453,0.0,0.0005939359543845057
ex6,mlp_shallow,17,validation,4098,1085.799197264947,4.6059300360502675,0.38603419065475464,3.191389987478033e-05,-9.414896011352539,0.0,0.0005946648889221251
ex6,mlp_shallow,18,validation,4098,1068.9637812849833,4.442689547024202,0.37351885437965393,3.218699202989228e-05,-9.414875984191895,0.0,0.0005951132043264806
ex6,mlp_shallow,19,validation,4098,1064.3404680070234,4.637804720026907,2.681443691253662,0.00033208326203748584,-9.396034240722656,0.0,0.0004463259829208255
ex6,mlp_shallow,20,validation,4098,1057.1316553500365,5.009012457972858,0.4359866976737976,3.754296267288737e-05,-9.414878845214844,0.0,0.0005944522563368082
ex6,mlp_shallow,21,validation,4098,1094.780365239014,4.726286063028965,1.957329511642456,0.00011037699732696638,-9.41235065460205,0.0,0.0005635485867969692
ex6,mlp_shallow,22,validation,4098,1067.1100195850013,4.587171849037986,0.34505563974380493,3.279755401308648e-05,-9.414850234985352,0.0,0.0005968280602246523
ex6,mlp_shallow,23,validation,4098,1057.2352935409872,4.8876514959847555,0.3673003911972046,3.248894427088089e-05,-9.414885520935059,0.0,0.0005918866372667253
ex6,mlp_shallow,24,validation,4098,1078.5337183700176,4.5487943009939045,0.4612038731575012,3.066982753807679e-05,-9.414862632751465,0.0,0.0005953240906819701
ex6,mlp_shallow,25,validation,4098,1072.2857685210183,4.946619786962401,0.39111217856407166,3.1865994969848543e-05,-9.414892196655273,0.0,0.000593414471950382
ex6,mlp_shallow,26,validation,4098,1070.6899079069844,4.879496667010244,2.6920154094696045,0.0005105735035613179,-9.358634948730469,0.0,0.0008524401346221566
ex6,mlp_shallow,27,validation,4098,1061.5616968189715,4.686264786985703,2.183171033859253,9.363412391394377e-05,-9.412470817565918,0.0,0.0005450354074127972
ex6,mlp_shallow,28,validation,4098,1072.0377114339499,5.042696158052422,2.6361773014068604,0.0003329860919620842,-9.396015167236328,0.0,0.0004455371235962957
ex6,mlp_shallow,29,validation,4098,1074.1744325939799,4.778565144981258,0.4958781898021698,3.024429315701127e-05,-9.41489028930664,0.0,0.0005951257771812379
ex6,mlp_deep,0,validation,133634,1169.8674337320263,9.632609248976223,3.2719810009002686,2.5443521735724062e-05,-9.411651611328125,0.0,0.0006075036944821477
ex6,mlp_deep,1,validation,133634,1163.3946623830125,9.625256416096818,3.272221565246582,2.744938865362201e-05,-9.411654472351074,0.0,0.0006102884653955698
ex6,mlp_deep,2,validation,133634,1149.4667211779743,9.72148568200646,3.272049903869629,2.6667670681490563e-05,-9.41165542602539,0.0,0.0006100456230342388
ex6,mlp_deep,3,validation,133634,1172.9730737239588,9.96623402601108,3.2716972827911377,2.56248840742046e-05,-9.411665916442871,0.0,0.0006115963333286345
ex6,mlp_deep,4,validation,133634,1158.8840137890074,9.774929303035606,3.2724947929382324,2.535034582251683e-05,-9.411651611328125,0.0,0.0006077849538996816
ex6,mlp_deep,5,validation,133634,1167.1839338549762,9.65681917098118,3.272172451019287,2.5405086489627138e-05,-9.411673545837402,0.0,0.0006120428442955017
ex6,mlp_deep,6,validation,133634,1171.5479279980063,9.950071125058457,0.6612123250961304,1.929106110765133e-05,-9.414896011352539,0.0,0.0006303621921688318
ex6,mlp_deep,7,validation,133634,1148.77449122502,9.735048845992424,3.272184133529663,2.5936762540368363e-05,-9.411666870117188,0.0,0.0006135930889286101
ex6,mlp_deep,8,validation,133634,1149.9870592679945,9.894581411033869,0.6120356321334839,1.7813437807490118e-05,-9.414836883544922,0.0,0.0006295832572504878
ex6,mlp_deep,9,validation,133634,1164.2747127799666,9.865198460000101,3.2721571922302246,2.7289841455058195e-05,-9.411657333374023,0.0,0.0006106058717705309
ex6,mlp_deep,10,validation,133634,1178.0306455189711,9.883965309010819,3.272059917449951,2.55398808803875e-05,-9.411673545837402,0.0,0.000612158328294754
ex6,mlp_deep,11,validation,133634,1162.940114292025,9.826307947048917,0.4555412828922272,1.7377082258462906e-05,-9.414934158325195,0.0,0.0006280221859924495
ex6,mlp_deep,12,validation,133634,1162.0635464349762,9.437051187036559,3.272077798843384,2.517744906072039e-05,-9.411665916442871,0.0,0.0006117643206380308
ex6,mlp_deep,13,validation,133634,1161.618115670979,9.736650190025102,3.2715041637420654,2.434921043459326e-05,-9.411673545837402,0.0,0.0006122153135947883
ex6,mlp_deep,14,validation,133634,1159.0284498649999,9.865359877003357,3.2721853256225586,2.522494105505757e-05,-9.41164779663086,0.0,0.0006086263456381857
ex6,mlp_deep,15,validation,133634,1170.0442245369777,9.723768510040827,3.2721636295318604,3.100331377936527e-05,-9.411657333374023,0.0,0.0006112037226557732
ex6,mlp_deep,16,validation,133634,1156.0784144370118,9.743905818031635,3.2723915576934814,2.634775773913134e-05,-9.411650657653809,0.0,0.0006098449230194092
ex6,mlp_deep,17,validation,133634,1170.4013497239794,9.809982107020915,3.2724149227142334,2.105902967741713e-05,-9.411664009094238,0.0,0.00061468017520383
ex6,mlp_deep,18,validation,133634,1275.2848708370002,9.55973916396033,3.2719759941101074,2.681105434021447e-05,-9.411666870117188,0.0,0.0006098359008319676
ex6,mlp_deep,19,validation,133634,1161.9324333199766,9.849750556051731,3.271719217300415,2.3976419470272958e-05,-9.411665916442871,0.0,0.0006121196202002466
ex6,mlp_deep,20,validation,133634,1152.6453674090444,9.837539052998181,3.272320508956909,2.6952038751915097e-05,-9.411645889282227,0.0,0.0006097277509979904
ex6,mlp_deep,21,validation,133634,1144.245898424997,9.574399100034498,3.272214889526367,2.6126388547709212e-05,-9.411663055419922,0.0,0.0006107810768298805
ex6,mlp_deep,22,validation,133634,1147.111880767974,9.387531551939901,3.2719221115112305,2.5230985556845553e-05,-9.411659240722656,0.0,0.0006102308398112655
ex6,mlp_deep,23,validation,133634,1153.121558060986,9.619410573970526,3.272078275680542,2.449042040097993e-05,-9.411659240722656,0.0,0.0006104649510234594
ex6,mlp_deep,24,validation,133634,1165.4860632930067,9.790118595061358,3.271942138671875,2.2829053705208935e-05,-9.41167163848877,0.0,0.0006116286967881024
ex6,mlp_deep,25,validation,133634,1151.1499690370401,9.517974664922804,3.2720470428466797,2.5808023565332405e-05,-9.411663055419922,0.0,0.0006109864916652441
ex6,mlp_deep,26,validation,133634,1157.0443170530489,9.911176706955303,3.271721601486206,2.3955815777298994e-05,-9.411673545837402,0.0,0.0006110576214268804
ex6,mlp_deep,27,validation,133634,1170.3796978790197,9.779955908015836,3.271998167037964,2.724978548940271e-05,-9.411664962768555,0.0,0.0006118293385952711
ex6,mlp_deep,28,validation,133634,1138.0934208120452,9.510660612024367,3.2719149589538574,2.654324271134101e-05,-9.411663055419922,0.0,0.0006115179276093841
ex6,mlp_deep,29,validation,133634,1122.2577060139738,9.867367444967385,3.2720022201538086,2.596614467620384e-05,-9.411669731140137,0.0,0.0006120586185716093
ex1,arff_historical_corrected,0,validation,3072,2.0375876820180565,61.832796220027376,0.39528241753578186,0.026224717497825623,-3.2938599586486816,0.0,0.09430033713579178
ex1,arff_historical_corrected,1,validation,3072,1.5003489389782771,61.95157036295859,0.3725805878639221,0.02592117339372635,-3.2965166568756104,0.0,0.10020226240158081
ex1,arff_historical_corrected,2,validation,3072,2.057379560021218,62.55458805896342,0.3359200954437256,0.021612348034977913,-3.296322822570801,0.0,0.09459176659584045
ex1,arff_historical_corrected,3,validation,3072,1.7340834169881418,61.29901327402331,0.37112003564834595,0.023840300738811493,-3.295003652572632,0.0,0.0768476352095604
ex1,arff_historical_corrected,4,validation,3072,1.648916864010971,61.85520326002734,0.317107230424881,0.02468801848590374,-3.295698881149292,0.0,0.0896812230348587
ex1,arff_historical_corrected,5,validation,3072,1.7325674259918742,62.14594091899926,0.3388737142086029,0.02667693793773651,-3.295198678970337,0.0,0.09242023527622223
ex1,arff_historical_corrected,6,validation,3072,2.3307018720079213,61.96498711500317,0.36731764674186707,0.028799381107091904,-3.292280912399292,0.0,0.10178016871213913
ex1,arff_historical_corrected,7,validation,3072,1.875723890028894,63.3205808600178,0.3608902394771576,0.026257185265421867,-3.29549241065979,0.0,0.09919217228889465
ex1,arff_historical_corrected,8,validation,3072,1.7939129680162296,62.7580485700164,0.3296736180782318,0.01440900657325983,-3.29213285446167,0.0,0.1366710364818573
ex1,arff_historical_corrected,9,validation,3072,1.8105991079937667,61.31136944197351,0.38007766008377075,0.02546951174736023,-3.294475555419922,0.0,0.07309896498918533
ex1,arff_historical_corrected,10,validation,3072,1.8186920330044813,63.72759008099092,0.3397022783756256,0.023793403059244156,-3.2965822219848633,0.0,0.07474944740533829
ex1,arff_historical_corrected,11,validation,3072,1.9056286760023795,62.000188209989574,0.3230484127998352,0.01705457828938961,-3.2957875728607178,0.0,0.12020585685968399
ex1,arff_historical_corrected,12,validation,3072,1.4523925390094519,60.53448824695079,0.3398497700691223,0.023202836513519287,-3.29712176322937,0.0,0.09142147749662399
ex1,arff_historical_corrected,13,validation,3072,1.9722158270305954,62.50222864700481,0.35321110486984253,0.026218075305223465,-3.2970187664031982,0.0,0.09419011324644089
ex1,arff_historical_corrected,14,validation,3072,1.7154144700034522,62.69366650900338,0.37849074602127075,0.025028550997376442,-3.293576717376709,0.0,0.07547742873430252
ex1,arff_historical_corrected,15,validation,3072,1.5726073179976083,62.56613471894525,0.33938854932785034,0.026783984154462814,-3.2953131198883057,0.0,0.0923258513212204
ex1,arff_historical_corrected,16,validation,3072,1.7067687840317376,61.15528120403178,0.3520158529281616,0.017452005296945572,-3.296346426010132,0.0,0.09923963993787766
ex1,arff_historical_corrected,17,validation,3072,1.546392472984735,60.931517543969676,0.32045477628707886,0.02514946088194847,-3.297354221343994,0.0,0.08335069566965103
ex1,arff_historical_corrected,18,validation,3072,1.9286484559997916,61.43628126202384,0.33121493458747864,0.027950402349233627,-3.295912265777588,0.0,0.1010165810585022
ex1,arff_historical_corrected,19,validation,3072,1.5661683329963125,62.57590675604297,0.3633580505847931,0.025555100291967392,-3.295649290084839,0.0,0.09425634145736694
ex1,arff_historical_corrected,20,validation,3072,1.419823645032011,62.408433168020565,0.3385654091835022,0.02523810975253582,-3.296811580657959,0.0,0.08025504648685455
ex1,arff_historical_corrected,21,validation,3072,1.922148076002486,62.328547591983806,0.3143090009689331,0.024185016751289368,-3.2956345081329346,0.0,0.08290870487689972
ex1,arff_historical_corrected,22,validation,3072,1.625508130993694,62.48085966799408,0.32340145111083984,0.02616046369075775,-3.2956979274749756,0.0,0.10141708701848984
ex1,arff_historical_corrected,23,validation,3072,1.5791706099989824,63.2766992719844,0.39225080609321594,0.02659565396606922,-3.2947239875793457,0.0,0.0970756933093071
ex1,arff_historical_corrected,24,validation,3072,1.5079116760171019,61.77444328996353,0.3470941483974457,0.024283485487103462,-3.2954514026641846,0.0,0.07633651047945023
ex1,arff_historical_corrected,25,validation,3072,1.5720596790197305,59.99167428200599,0.365372896194458,0.025618817657232285,-3.2984044551849365,0.0,0.07952011376619339
ex1,arff_historical_corrected,26,validation,3072,1.8832495390088297,61.95776466297684,0.3664277195930481,0.016699718311429024,-3.292999029159546,0.0,0.1283285766839981
ex1,arff_historical_corrected,27,validation,3072,1.755975975014735,61.846702663984615,0.38180169463157654,0.021799543872475624,-3.295576810836792,0.0,0.09050767123699188
ex1,arff_historical_corrected,28,validation,3072,1.6155549679533578,63.63708834402496,0.3779393434524536,0.025957249104976654,-3.2918224334716797,0.0,0.09644630551338196
ex1,arff_historical_corrected,29,validation,3072,1.8263029989902861,62.62805137701798,0.34172332286834717,0.025847287848591805,-3.2956149578094482,0.0,0.09202228486537933
ex2,arff_historical_corrected,0,validation,3072,1.0377618620404974,45.251900992996525,0.04118863120675087,0.000544725451618433,-11.605365753173828,0.0,5.6653807405382395e-05
ex2,arff_historical_corrected,1,validation,3072,1.2417474720277824,46.14292227901751,0.05098172277212143,0.0005547008477151394,-11.607095718383789,0.0,5.056246664025821e-05
ex2,arff_historical_corrected,2,validation,3072,1.1240869259927422,45.7870495429961,0.03439961373806,0.00047507090494036674,-11.608419418334961,0.0,5.3124178521102294e-05
ex2,arff_historical_corrected,3,validation,3072,1.2529368679970503,44.92589983798098,0.03711577504873276,0.000489324564114213,-11.606160163879395,0.0,4.9524158384883776e-05
ex2,arff_historical_corrected,4,validation,3072,1.0527528120437637,45.62878037901828,0.03873775526881218,0.00037173443706706166,-11.606539726257324,0.0,4.961811282555573e-05
ex2,arff_historical_corrected,5,validation,3072,1.1511957539478317,44.85761549999006,0.038379352539777756,0.0005035309004597366,-11.608895301818848,0.0,4.8278561735060066e-05
ex2,arff_historical_corrected,6,validation,3072,1.2839139550342225,45.06668000400532,0.02211429737508297,0.0006600957131013274,-11.609956741333008,0.0,4.4505195546662435e-05
ex2,arff_historical_corrected,7,validation,3072,1.0062217920203693,45.296024229959585,0.04875965416431427,0.0005353216547518969,-11.602437973022461,0.0,4.51348205388058e-05
ex2,arff_historical_corrected,8,validation,3072,1.4120836649672128,46.204252242983785,0.04295869544148445,0.0004269402998033911,-11.60847282409668,0.0,5.219473678153008e-05
ex2,arff_historical_corrected,9,validation,3072,1.27051094599301,45.501075664011296,0.029702698811888695,0.00045855605276301503,-11.600765228271484,0.0,6.49607100058347e-05
ex2,arff_historical_corrected,10,validation,3072,1.217249492998235,44.54784061899409,0.0219485554844141,0.0005887917359359562,-11.611397743225098,0.0,4.868036194238812e-05
ex2,arff_historical_corrected,11,validation,3072,1.1275707029853947,46.22127575898776,0.019519619643688202,0.0004307629424147308,-11.605238914489746,0.0,4.767196151078679e-05
ex2,arff_historical_corrected,12,validation,3072,1.1789921119925566,46.320987145008985,0.02514977753162384,0.0005203561740927398,-11.605180740356445,0.0,4.172886110609397e-05
ex2,arff_historical_corrected,13,validation,3072,1.4470303859561682,45.21314881899161,0.041163794696331024,0.0005497862584888935,-11.541422843933105,0.0,2.8563827072503045e-05
ex2,arff_historical_corrected,14,validation,3072,1.4537542599719018,45.29108940099832,0.04435150697827339,0.00038579574902541935,-11.607662200927734,0.0,5.443364352686331e-05
ex2,arff_historical_corrected,15,validation,3072,0.9598131730454043,45.288836392981466,0.042327381670475006,0.00040227154386229813,-11.608628273010254,0.0,5.58625215489883e-05
ex2,arff_historical_corrected,16,validation,3072,1.2259316759882495,45.47946838603821,0.045628033578395844,0.0004931670264340937,-11.605770111083984,0.0,4.950555376126431e-05
ex2,arff_historical_corrected,17,validation,3072,1.266371461970266,45.817982194013894,0.0326625257730484,0.0004787878424394876,-11.606085777282715,0.0,5.601202428806573e-05
ex2,arff_historical_corrected,18,validation,3072,1.2272351529682055,46.31458339601522,0.04640740528702736,0.0006579532055184245,-11.603239059448242,0.0,3.900250158039853e-05
ex2,arff_historical_corrected,19,validation,3072,1.368415749981068,46.48008829000173,0.023087438195943832,0.00041759497253224254,-11.606094360351562,0.0,5.1211325626354665e-05
ex2,arff_historical_corrected,20,validation,3072,1.3344635699759237,46.57158640498528,0.02032954804599285,0.0006195750902406871,-11.608590126037598,0.0,5.436595165519975e-05
ex2,arff_historical_corrected,21,validation,3072,1.2543888430227526,46.29563601402333,0.024193188175559044,0.0004465656238608062,-11.57564926147461,0.0,3.6253277357900515e-05
ex2,arff_historical_corrected,22,validation,3072,1.0548121430329047,46.334175091004,0.04272796958684921,0.0004430128901731223,-11.608098030090332,0.0,5.391962986323051e-05
ex2,arff_historical_corrected,23,validation,3072,1.3000821900204755,46.562215969956014,0.04291202127933502,0.000361751823220402,-11.607308387756348,0.0,5.721899287891574e-05
ex2,arff_historical_corrected,24,validation,3072,1.1627058570156805,45.90787985001225,0.028780505061149597,0.0005548341432586312,-11.604096412658691,0.0,4.5964021410327405e-05
ex2,arff_historical_corrected,25,validation,3072,1.148456454044208,46.24537746596616,0.026040885597467422,0.0004089140275027603,-11.60856819152832,0.0,5.5190492275869474e-05
ex2,arff_historical_corrected,26,validation,3072,1.1437306540319696,45.163225968019105,0.03000790812075138,0.0004643422435037792,-11.603867530822754,0.0,6.172002758830786e-05
ex2,arff_historical_corrected,27,validation,3072,1.182167761027813,45.75573670602171,0.044239308685064316,0.00038768083322793245,-11.608170509338379,0.0,5.486281224875711e-05
ex2,arff_historical_corrected,28,validation,3072,0.9601425839937292,44.602408217964694,0.03519237041473389,0.0004910366842523217,-11.606148719787598,0.0,5.259172394289635e-05
ex2,arff_historical_corrected,29,validation,3072,1.0271534419734962,45.780206304974854,0.046219632029533386,0.0005079482216387987,-11.593859672546387,0.0,6.617029430344701e-05
ex3,arff_historical_corrected,0,validation,153600,112.02074705500854,102.94819526100764,1.1704622507095337,0.00776991993188858,-23.744918823242188,0.0,0.015242593362927437
ex3,arff_historical_corrected,1,validation,153600,113.81037460302468,100.64921767200576,1.581984519958496,0.00575117114931345,-21.640396118164062,0.0,0.010462205857038498
ex3,arff_historical_corrected,2,validation,153600,118.56129603198497,102.28370214597089,1.900823950767517,0.006938295438885689,-21.288793563842773,0.0,0.010938993655145168
ex3,arff_historical_corrected,3,validation,153600,115.42726595996646,102.31544621899957,1.5796047449111938,0.007082692347466946,-22.3757266998291,0.0,0.016245301812887192
ex3,arff_historical_corrected,4,validation,153600,113.4844913459965,99.40498865599511,1.5744454860687256,0.006103578954935074,-22.655858993530273,0.0,0.011522849090397358
ex3,arff_historical_corrected,5,validation,153600,105.31478462502128,100.36566093197325,1.3833669424057007,0.007600792217999697,-23.06952476501465,0.0,0.017017731443047523
ex3,arff_historical_corrected,6,validation,153600,90.74773411202477,101.88282057200558,1.3784229755401611,0.009731991216540337,-23.195199966430664,0.0,0.02220798283815384
ex3,arff_historical_corrected,7,validation,153600,97.49182634201134,100.73593883903231,1.7532849311828613,0.006775976158678532,-22.649843215942383,0.0,0.017516830936074257
ex3,arff_historical_corrected,8,validation,153600,121.5251342630363,100.05591126898071,1.7516300678253174,0.005852414760738611,-22.121984481811523,0.0,0.016789749264717102
ex3,arff_historical_corrected,9,validation,153600,109.05066440295195,100.77502231200924,2.054323673248291,0.006451636087149382,-20.956195831298828,0.0,0.015185651369392872
ex3,arff_historical_corrected,10,validation,153600,103.53029531502398,103.12561091600219,1.3830845355987549,0.006431604735553265,-23.524208068847656,0.0,0.01660272292792797
ex3,arff_historical_corrected,11,validation,153600,142.7512980879983,99.9145818540128,1.156147837638855,0.005631803534924984,-24.00551414489746,0.0,0.016533810645341873
ex3,arff_historical_corrected,12,validation,153600,118.59106411400717,100.29866594303166,1.8990000486373901,0.006251378916203976,-21.794906616210938,0.0,0.013725905679166317
ex3,arff_historical_corrected,13,validation,153600,111.98843396402663,102.22807208698941,1.7409006357192993,0.006690735463052988,-22.087318420410156,0.0,0.015276438556611538
ex3,arff_historical_corrected,14,validation,153600,92.95490385201992,102.65900290902937,1.1599359512329102,0.007563842926174402,-23.731334686279297,0.0,0.019334672018885612
ex3,arff_historical_corrected,15,validation,153600,104.20452589000342,99.87779187702108,1.5803037881851196,0.007073827553540468,-22.991180419921875,0.0,0.01779005117714405
ex3,arff_historical_corrected,16,validation,153600,90.81137725297594,99.69578014098806,2.042630195617676,0.006769007537513971,-20.620412826538086,0.0,0.012753577902913094
ex3,arff_historical_corrected,17,validation,153600,127.77077638200717,101.03372976201354,1.7404043674468994,0.006574288476258516,-21.770660400390625,0.0,0.016078393906354904
ex3,arff_historical_corrected,18,validation,153600,119.67455280397553,102.36363950796658,1.1599453687667847,0.0074332780204713345,-24.03377914428711,0.0,0.010213208384811878
ex3,arff_historical_corrected,19,validation,153600,114.02697794698179,101.0130465090042,1.5772639513015747,0.00707549462094903,-23.251371383666992,0.0,0.015852460637688637
ex3,arff_historical_corrected,20,validation,153600,119.11815435200697,103.87271666101879,1.7441593408584595,0.007489682640880346,-22.76849365234375,0.0,0.01715913414955139
ex3,arff_historical_corrected,21,validation,153600,113.91476410103496,100.66126463300316,1.5764466524124146,0.006400072481483221,-22.347747802734375,0.0,0.013558845035731792
ex3,arff_historical_corrected,22,validation,153600,100.1927892419626,101.50551451800857,1.1629736423492432,0.00785304605960846,-23.976396560668945,0.0,0.019271841272711754
ex3,arff_historical_corrected,23,validation,153600,82.94161691400222,98.84340681799222,1.5678579807281494,0.00898545328527689,-22.84626579284668,0.0,0.019771263003349304
ex3,arff_historical_corrected,24,validation,153600,93.54280927596847,99.04383108601905,1.3840670585632324,0.008113990537822247,-23.145751953125,0.0,0.019669242203235626
ex3,arff_historical_corrected,25,validation,153600,119.20309543597978,100.94015123799909,1.3807103633880615,0.008165583945810795,-23.590980529785156,0.0,0.017357975244522095
ex3,arff_historical_corrected,26,validation,153600,102.39743872301187,102.81699251302052,1.5730286836624146,0.008393341675400734,-22.93299674987793,0.0,0.01631323993206024
ex3,arff_historical_corrected,27,validation,153600,97.34256816701964,99.4994418839924,1.5903338193893433,0.007790932431817055,-22.77853775024414,0.0,0.017894603312015533
ex3,arff_historical_corrected,28,validation,153600,89.66521029104479,103.43175451096613,1.1676087379455566,0.008113975636661053,-23.959537506103516,0.0,0.01909026876091957
ex3,arff_historical_corrected,29,validation,153600,122.53000974899624,101.07352519995766,1.1599304676055908,0.00632593734189868,-24.301992416381836,0.0,0.01598711498081684
ex5,arff_historical_corrected,0,validation,3072,2.6223984439857304,48.58745009399718,0.002536400221288204,4.656767941924045e-06,-11.980412483215332,0.0,1.3665858205058612e-06
ex5,arff_historical_corrected,1,validation,3072,2.07758050999837,49.280411207000725,0.0026915662456303835,5.258493729343172e-06,-11.989453315734863,0.12115134298801422,-5.643581971526146e-06
ex5,arff_historical_corrected,2,validation,3072,1.9820395860006101,49.919132652983535,0.004047793336212635,3.826805823337054e-06,-11.93181324005127,0.004513088148087263,-1.5405394151457585e-06
ex5,arff_historical_corrected,3,validation,3072,2.5855613320018165,47.26535431202501,0.002634574891999364,4.289011485525407e-06,-11.928797721862793,0.011132284067571163,-3.2146103876584675e-06
ex5,arff_historical_corrected,4,validation,3072,2.1677328380174004,47.50725034502102,0.002657017670571804,4.1741645873116795e-06,-11.937161445617676,0.0009026176412589848,-1.9934532247134484e-07
ex5,arff_historical_corrected,5,validation,3072,3.7925659170141444,48.745334648003336,0.0025858161970973015,7.137696684367256e-06,-11.988178253173828,0.03048841655254364,-1.7362590369884856e-06
ex5,arff_historical_corrected,6,validation,3072,2.5583859509788454,47.851484889979474,0.002542021917179227,4.868839369009947e-06,-12.000385284423828,0.031691908836364746,-2.117928943334846e-06
ex5,arff_historical_corrected,7,validation,3072,2.1517881259787828,48.84873393300222,0.002797729102894664,4.486081707000267e-06,-12.004986763000488,0.06007421761751175,-2.2869417080073617e-06
ex5,arff_historical_corrected,8,validation,3072,2.5582584330113605,48.580536911962554,0.0025435909628868103,3.6303370052337414e-06,-11.94940185546875,0.0015043626772239804,-7.248062843245862e-07
ex5,arff_historical_corrected,9,validation,3072,2.547738862980623,47.68685754702892,0.002676500706002116,5.247475201031193e-06,-11.98171615600586,0.11734028905630112,-5.961481292615645e-06
ex5,arff_historical_corrected,10,validation,3072,2.9017318290425465,48.142950458975974,0.0024909614585340023,6.380356353474781e-06,-11.984979629516602,0.08735332638025284,-4.762707249028608e-06
ex5,arff_historical_corrected,11,validation,3072,2.894164569035638,47.68011416500667,0.0025554525200277567,6.871837740618503e-06,-11.984382629394531,0.04332564398646355,-3.0799535579717485e-06
ex5,arff_historical_corrected,12,validation,3072,2.6237574629485607,48.54307294799946,0.002284421818330884,5.011555913370103e-06,-11.997947692871094,0.0994885191321373,-3.617231413954869e-06
ex5,arff_historical_corrected,13,validation,3072,2.4127142149955034,48.542159557982814,0.002318257698789239,5.735667400585953e-06,-11.990217208862305,0.12325745075941086,-5.107038305141032e-06
ex5,arff_historical_corrected,14,validation,3072,2.438781848992221,48.40353693498764,0.0026325248181819916,4.380529389891308e-06,-11.941509246826172,0.010731120593845844,-2.313059667358175e-06
ex5,arff_historical_corrected,15,validation,3072,2.785791363043245,47.23981038102647,0.0023892170283943415,4.8738656914792955e-06,-11.994417190551758,0.11663825809955597,-4.7044604798429646e-06
ex5,arff_historical_corrected,16,validation,3072,2.787738521990832,48.614357775019016,0.002741835778579116,5.131958005222259e-06,-12.00053596496582,0.09758299589157104,-3.730012394953519e-06
ex5,arff_historical_corrected,17,validation,3072,3.069262058008462,49.14849328401033,0.002943317638710141,5.658637746819295e-06,-11.975351333618164,0.02968609146773815,-2.1302794266375713e-06
ex5,arff_historical_corrected,18,validation,3072,3.1508545039687306,48.70249372697435,0.002672133268788457,5.241730832494795e-06,-12.000882148742676,0.08795507252216339,-3.4619943107827567e-06
ex5,arff_historical_corrected,19,validation,3072,2.5292578220251016,47.95727091701701,0.0024675894528627396,5.193310244067106e-06,-11.996610641479492,0.09096379578113556,-3.6696465031127445e-06
ex5,arff_historical_corrected,20,validation,3072,2.4143935200409032,48.953781408956274,0.0028694868087768555,4.254035047779325e-06,-11.978057861328125,0.00010029084660345688,-6.678783392999321e-08
ex5,arff_historical_corrected,21,validation,3072,2.2778707870165817,47.49917451001238,0.0025390449445694685,4.486507805268047e-06,-12.002230644226074,0.042423028498888016,-1.5215773601084948e-06
ex5,arff_historical_corrected,22,validation,3072,2.6262540980242193,47.73995396599639,0.0025460415054112673,3.4593369946378516e-06,-11.956171035766602,0.0005014542257413268,-1.2914097169414163e-07
ex5,arff_historical_corrected,23,validation,3072,2.367795373953413,48.51437774300575,0.0027351912576705217,5.038010840507923e-06,-11.992737770080566,0.06639254093170166,-2.7611968107521534e-06
ex5,arff_historical_corrected,24,validation,3072,2.935154531034641,48.635714838979766,0.002555751008912921,6.550598754984094e-06,-11.985723495483398,0.06759603321552277,-3.1187962576950667e-06
ex5,arff_historical_corrected,25,validation,3072,2.2581212910008617,48.71023451501969,0.002513463841751218,4.223585619911319e-06,-11.941847801208496,0.0011031993199139833,-1.0522617230890319e-06
ex5,arff_historical_corrected,26,validation,3072,2.3972365600056946,49.22477157303365,0.002541524590924382,4.349906703282613e-06,-11.988722801208496,0.1047036424279213,-4.654515578295104e-06
ex5,arff_historical_corrected,27,validation,3072,2.274916582973674,50.362623232998885,0.0024284343235194683,5.272091584629379e-06,-11.856282234191895,0.04292448237538338,-6.607408067793585e-06
ex5,arff_historical_corrected,28,validation,3072,2.8837464210228063,48.904076750040986,0.0026468546129763126,5.551280537474668e-06,-11.999714851379395,0.016347408294677734,-2.256892912555486e-06
ex5,arff_historical_corrected,29,validation,3072,2.823718124011066,48.86010230600368,0.002341634128242731,4.542304395727115e-06,-12.00517463684082,0.05245211347937584,-2.06281038117595e-06
ex7,arff_historical_corrected,0,validation,6144,11.313510987034533,86.35984228196321,0.10232315957546234,0.00011062374687753618,-8.686041831970215,0.0,0.009758710861206055
ex7,arff_historical_corrected,1,validation,6144,11.742989527003374,83.13067739101825,0.10676848888397217,0.00011105657904408872,-8.68580436706543,0.0,0.009698070585727692
ex7,arff_historical_corrected,2,validation,6144,11.700546731997747,85.68195321701933,0.10455489158630371,0.00011587332119233906,-8.686036109924316,0.0,0.009645520709455013
ex7,arff_historical_corrected,3,validation,6144,11.388202469970565,86.62902629101882,0.10339327901601791,0.000133023364469409,-8.685789108276367,0.0,0.009566041640937328
ex7,arff_historical_corrected,4,validation,6144,12.210499496024568,84.3928680929821,0.10180177539587021,0.00012021604925394058,-8.685370445251465,0.0,0.00973391905426979
ex7,arff_historical_corrected,5,validation,6144,11.302877099020407,84.85058607597603,0.09874095767736435,0.0001279535354115069,-8.68584156036377,0.0,0.009590156376361847
ex7,arff_historical_corrected,6,validation,6144,11.603325159987435,85.42466181598138,0.09723867475986481,0.00013861303159501404,-8.685807228088379,0.0,0.009381037205457687
ex7,arff_historical_corrected,7,validation,6144,11.338889179984108,85.29894233698724,0.12038572877645493,0.00011934620124520734,-8.686315536499023,0.0,0.009506991133093834
ex7,arff_historical_corrected,8,validation,6144,11.976067172014154,85.26891763805179,0.09891515970230103,0.00011514039215398952,-8.685587882995605,0.0,0.00969498511403799
ex7,arff_historical_corrected,9,validation,6144,11.465331005048938,86.81597961200168,0.10366517305374146,0.0001344976044492796,-8.685771942138672,0.0,0.009585149586200714
ex7,arff_historical_corrected,10,validation,6144,11.840601245989092,85.0841089009773,0.10193212330341339,0.00011480251851025969,-8.685800552368164,0.0,0.00967475026845932
ex7,arff_historical_corrected,11,validation,6144,11.294932378048543,85.6486817279947,0.10636665672063828,0.00011193437239853665,-8.685824394226074,0.0,0.009520446881651878
ex7,arff_historical_corrected,12,validation,6144,12.345091731986031,85.26626360299997,0.10883829742670059,0.00011530999472597614,-8.68563461303711,0.0,0.009687855839729309
ex7,arff_historical_corrected,13,validation,6144,11.338196367956698,84.5480790650472,0.10559059679508209,0.00011255439312662929,-8.686147689819336,0.0,0.009764807298779488
ex7,arff_historical_corrected,14,validation,6144,11.3432616040227,85.12875068001449,0.11508766561746597,0.00010493108129594475,-8.6863374710083,0.0,0.009645294398069382
ex7,arff_historical_corrected,15,validation,6144,11.263523147033993,83.89761897997232,0.10433787107467651,9.753102494869381e-05,-8.686066627502441,0.0,0.009767090901732445
ex7,arff_historical_corrected,16,validation,6144,11.718376048956998,86.63723529101117,0.09591414779424667,9.632219735067338e-05,-8.685914993286133,0.0,0.009706527926027775
ex7,arff_historical_corrected,17,validation,6144,11.591122422018088,84.0558558269986,0.11860373616218567,0.00011354639718774706,-8.686214447021484,0.0,0.009655158966779709
ex7,arff_historical_corrected,18,validation,6144,11.851747800013982,87.32901318004588,0.10103875398635864,0.00010083419329021126,-8.685527801513672,0.0,0.009712258353829384
ex7,arff_historical_corrected,19,validation,6144,11.30503220600076,83.97089034097735,0.10276377946138382,0.0001265227037947625,-8.686290740966797,0.0,0.009582813829183578
ex7,arff_historical_corrected,20,validation,6144,11.399001653015148,83.26883874897612,0.10735007375478745,0.00011166371405124664,-8.686022758483887,0.0,0.00947357527911663
ex7,arff_historical_corrected,21,validation,6144,11.383493473986164,82.42051020398503,0.10212007164955139,0.0001426090020686388,-8.68551254272461,0.0,0.009277213364839554
ex7,arff_historical_corrected,22,validation,6144,11.414982780988794,86.57884621602716,0.1199694499373436,0.00011805042595369741,-8.68620491027832,0.0,0.009657067246735096
ex7,arff_historical_corrected,23,validation,6144,11.830025011964608,84.7710705359932,0.10122959315776825,0.00011513480421854183,-8.685815811157227,0.0,0.009657461196184158
ex7,arff_historical_corrected,24,validation,6144,11.900320740009192,84.23377296299441,0.11845787614583969,0.00010344402107875794,-8.68639087677002,0.0,0.009620066732168198
ex7,arff_historical_corrected,25,validation,6144,12.114176139992196,84.44967765494948,0.09887336939573288,0.00012275911285541952,-8.685461044311523,0.0,0.009627402760088444
ex7,arff_historical_corrected,26,validation,6144,11.52507702598814,86.84702534397366,0.09766216576099396,0.00010616715007927269,-8.685884475708008,0.0,0.009768207557499409
ex7,arff_historical_corrected,27,validation,6144,11.35375156905502,85.89060765202157,0.1261238008737564,0.00010349019430577755,-8.686415672302246,0.0,0.009761211462318897
ex7,arff_historical_corrected,28,validation,6144,11.892603173968382,84.30236771301134,0.09986056387424469,0.00012086671631550416,-8.685916900634766,0.0,0.009637013077735901
ex7,arff_historical_corrected,29,validation,6144,11.368213873007335,82.38697595195845,0.10076938569545746,0.00010176646173931658,-8.685877799987793,0.0,0.009702242910861969
ex6,arff_historical_corrected,0,validation,4096,47.21169904898852,76.95243225595914,0.24466989934444427,1.7520376786706038e-05,-9.41489028930664,0.0,0.0005621422315016389
ex6,arff_historical_corrected,1,validation,4096,43.73670414398657,76.96889344998635,0.2720262408256531,1.7839143765741028e-05,-9.414887428283691,0.0,0.0005520082777366042
ex6,arff_historical_corrected,2,validation,4096,48.812033897964284,77.63390483602416,0.292316198348999,1.3972947272122838e-05,-9.414892196655273,0.0,0.0005823036772198975
ex6,arff_historical_corrected,3,validation,4096,44.38735061098123,77.77181223704247,0.2475133091211319,2.5305502276751213e-05,-9.4147310256958,0.0,0.0005680659669451416
ex6,arff_historical_corrected,4,validation,4096,45.20825939596398,77.38019149698084,0.23876267671585083,1.8799279132508673e-05,-9.414878845214844,0.0,0.0005556202377192676
ex6,arff_historical_corrected,5,validation,4096,44.87127365201013,77.12591962900478,0.257404625415802,1.7171900253742933e-05,-9.414850234985352,0.0,0.0005557295517064631
ex6,arff_historical_corrected,6,validation,4096,45.909156160021666,76.57791714399355,0.25140872597694397,1.8151993572246283e-05,-9.414877891540527,0.0,0.0005683695781044662
ex6,arff_historical_corrected,7,validation,4096,46.90539194602752,77.36022305500228,0.2716957628726959,1.830228211474605e-05,-9.414861679077148,0.0,0.0005724545335397124
ex6,arff_historical_corrected,8,validation,4096,44.75119562598411,76.42295495903818,0.2566497325897217,1.963866816367954e-05,-9.41482925415039,0.0,0.0005688387900590897
ex6,arff_historical_corrected,9,validation,4096,42.31390274799196,76.86628431698773,0.26026299595832825,2.6448438802617602e-05,-9.414727210998535,0.0,0.0005552000366151333
ex6,arff_historical_corrected,10,validation,4096,46.68522254697746,77.78986508800881,0.2894245684146881,1.8193468349636532e-05,-9.414855003356934,0.0,0.0005219373269937932
ex6,arff_historical_corrected,11,validation,4096,46.10167669696966,77.23458034999203,0.3869677484035492,2.0837709598708898e-05,-9.414838790893555,0.0,0.0005634914268739522
ex6,arff_historical_corrected,12,validation,4096,47.290199559996836,77.37080270302249,0.3770824372768402,1.4779933735553641e-05,-9.414904594421387,0.0,0.0005848914152011275
ex6,arff_historical_corrected,13,validation,4096,45.222560163005255,76.70706683304161,0.2621566951274872,1.7146969184977934e-05,-9.414860725402832,0.0,0.0005605502519756556
ex6,arff_historical_corrected,14,validation,4096,46.9688650710159,76.25597617402673,0.27178463339805603,1.925217657117173e-05,-9.414861679077148,0.0,0.000556271756067872
ex6,arff_historical_corrected,15,validation,4096,46.06296722899424,77.68952392099891,0.3352951109409332,2.0090927137061954e-05,-9.414857864379883,0.0,0.0005509456968866289
ex6,arff_historical_corrected,16,validation,4096,47.10639285197249,76.92451196798356,0.28350988030433655,1.8999686290044338e-05,-9.414840698242188,0.0,0.0005492917844094336
ex6,arff_historical_corrected,17,validation,4096,42.95010490302229,76.0323200559942,0.2718140780925751,2.283323738083709e-05,-9.414789199829102,0.0,0.0005578617565333843
ex6,arff_historical_corrected,18,validation,4096,49.29255955503322,75.98932896298356,0.2584444284439087,1.7099962860811502e-05,-9.414886474609375,0.0,0.000568584306165576
ex6,arff_historical_corrected,19,validation,4096,47.463626017968636,78.19457439699909,0.26972416043281555,1.8164935681852512e-05,-9.41486644744873,0.0,0.000579427054617554
ex6,arff_historical_corrected,20,validation,4096,45.35554117598804,76.59841303800931,0.3259880542755127,1.9495038941386156e-05,-9.414825439453125,0.0,0.0005587683990597725
ex6,arff_historical_corrected,21,validation,4096,43.49556951998966,77.02157065301435,0.2655109763145447,1.8050011931336485e-05,-9.414888381958008,0.0,0.0005618067225441337
ex6,arff_historical_corrected,22,validation,4096,47.31495268299477,77.8584445429733,0.2647431194782257,1.724269168335013e-05,-9.41486930847168,0.0,0.0005786570836789906
ex6,arff_historical_corrected,23,validation,4096,46.42037359799724,78.68759089900414,0.2697090208530426,1.940017318702303e-05,-9.414880752563477,0.0,0.0005812342278659344
ex6,arff_historical_corrected,24,validation,4096,48.08625401102472,75.94420143403113,0.34001782536506653,1.5100301425263751e-05,-9.414953231811523,0.0,0.0005759880878031254
ex6,arff_historical_corrected,25,validation,4096,44.60478155204328,76.81743781996192,0.24715906381607056,1.854124820965808e-05,-9.414896965026855,0.0,0.00055886764312163
ex6,arff_historical_corrected,26,validation,4096,45.99327535397606,76.72718910500407,0.29316896200180054,1.8747176000033505e-05,-9.414876937866211,0.0,0.0005639437003992498
ex6,arff_historical_corrected,27,validation,4096,45.32566899899393,76.63436403300148,0.30347371101379395,1.7652855603955686e-05,-9.414872169494629,0.0,0.0005345724057406187
ex6,arff_historical_corrected,28,validation,4096,43.565415026969276,76.5948998030508,0.2782757580280304,2.9326292860787362e-05,-9.414669036865234,0.0,0.0005444784765131772
ex6,arff_historical_corrected,29,validation,4096,46.46831782703521,76.14174693700625,0.28089439868927,1.701587825664319e-05,-9.41491985321045,0.0,0.0005694951396435499
ex8,joint,0,test,1792,106.9300568769977,,0.961519599,1.04384089,-8.25654697,,
ex8,joint,1,test,1792,113.80066786002135,,0.853210807,0.748394907,-8.35018158,,
ex8,joint,2,test,1792,115.92403340499732,,0.981232047,0.69475621,-8.34193611,,
ex8,joint,3,test,1792,112.42073314500158,,0.96059233,0.541713953,-8.28311539,,
ex8,joint,4,test,1792,109.71324550898862,,0.88310498,0.736826658,-8.51828289,,
ex8,joint,5,test,1792,113.94096607598476,,1.04977179,0.598853946,-8.29865646,,
ex8,joint,6,test,1792,114.8602465869917,,0.907422185,1.03565371,-8.31259537,,
ex8,joint,7,test,1792,109.80927401600638,,0.867485762,0.701013744,-8.34129715,,
ex8,joint,8,test,1792,112.75678275700193,,0.903210521,0.723115504,-8.31545448,,
ex8,joint,9,test,1792,111.2132743030088,,0.898232818,0.60968864,-8.34652805,,
ex8,joint,10,test,1792,116.34829680199618,,1.02138245,0.814262331,-8.33350277,,
ex8,joint,11,test,1792,107.93291115300963,,0.834037066,0.844826758,-8.35773754,,
ex8,joint,12,test,1792,108.52130034100264,,0.918835461,0.845366061,-8.27784157,,
ex8,joint,13,test,1792,117.308225012006,,0.755599439,0.697288573,-8.34134674,,
ex8,joint,14,test,1792,116.54661820299225,,1.02330256,0.609555364,-8.39891815,,
ex8,joint,15,test,1792,108.05672804199276,,0.830161095,0.680155873,-8.33121586,,
ex8,joint,16,test,1792,109.82835143202101,,0.855481863,0.718684137,-8.33505726,,
ex8,joint,17,test,1792,113.89251763600623,,0.962825239,1.0668776,-8.18805695,,
ex8,joint,18,test,1792,113.23506254001404,,0.873634577,0.578217924,-8.35164261,,
ex8,joint,19,test,1792,115.80163718498079,,0.922775745,0.772539139,-8.29916573,,
ex8,joint,20,test,1792,110.92344818499987,,0.835375071,0.535334408,-8.36489964,,
ex8,joint,21,test,1792,118.0617151010083,,0.870127916,0.569715917,-8.35849857,,
ex8,joint,22,test,1792,112.12814458701178,,0.87612015,0.51814276,-8.46414852,,
ex8,joint,23,test,1792,113.93933581502642,,0.792832375,0.811590433,-8.38762093,,
ex8,joint,24,test,1792,113.47088260101737,,0.787981987,0.648044765,-8.3800354,,
ex8,joint,25,test,1792,113.54591249200166,,0.951524258,0.690436482,-8.46551514,,
ex8,joint,26,test,1792,107.80196620800416,,0.897594333,0.523664474,-8.33639812,,
ex8,joint,27,test,1792,117.59824239500449,,0.92212379,0.848805845,-8.40913296,,
ex8,joint,28,test,1792,112.4010042079899,,0.858828008,0.556904674,-8.2946806,,
ex8,joint,29,test,1792,106.82948959499481,,0.766933918,0.697938561,-8.35955715,,
ex8,split,0,test,1792,592.1198846500192,,0.6168635487556458,0.841145396232605,-8.244022369384766,,
ex8,split,1,test,1792,597.1923993790115,,0.7394983172416687,0.6710758805274963,-8.307220458984375,,
ex8,split,2,test,1792,600.1778131820029,,0.6998348236083984,0.60013347864151,-8.327123641967773,,
ex8,split,3,test,1792,595.4217732299876,,0.6672005653381348,0.5985428690910339,-8.327279090881348,,
ex8,split,4,test,1792,563.0964967299951,,0.7086604237556458,0.6700789928436279,-8.497368812561035,,
ex8,split,5,test,1792,597.6712429290055,,0.6595731377601624,0.5252758860588074,-8.291115760803223,,
ex8,split,6,test,1792,593.1059059530089,,0.6540367603302002,0.618201494216919,-8.34378433227539,,
ex8,split,7,test,1792,582.1976474880066,,0.5979828238487244,0.583289623260498,-8.329056739807129,,
ex8,split,8,test,1792,605.2110551900114,,0.6353607773780823,0.6067137122154236,-8.30468463897705,,
ex8,split,9,test,1792,578.3224940969958,,0.6372168660163879,0.5747768878936768,-8.343194961547852,,
ex8,split,10,test,1792,602.3595480750082,,0.769255518913269,0.6687641739845276,-8.321648597717285,,
ex8,split,11,test,1792,572.2261606230168,,0.6374160051345825,0.6949771046638489,-8.363823890686035,,
ex8,split,12,test,1792,595.0779908540135,,0.6601995825767517,0.6532233953475952,-8.26159381866455,,
ex8,split,13,test,1792,567.1054606210091,,0.7408104538917542,0.6050255298614502,-8.334004402160645,,
ex8,split,14,test,1792,599.6239350620017,,0.7065297961235046,0.5735489130020142,-8.402645111083984,,
ex8,split,15,test,1792,564.692584082979,,0.6086729764938354,0.6297383904457092,-8.328489303588867,,
ex8,split,16,test,1792,598.9370825710066,,0.6788234114646912,0.6219020485877991,-8.307238578796387,,
ex8,split,17,test,1792,565.074521505012,,0.6173650026321411,0.8204562664031982,-8.183029174804688,,
ex8,split,18,test,1792,596.1976830819913,,0.6116202473640442,0.5360187888145447,-8.332366943359375,,
ex8,split,19,test,1792,581.0778770130128,,0.6764559149742126,0.6357954144477844,-8.280189514160156,,
ex8,split,20,test,1792,619.1274285840045,,0.6562978625297546,0.544328510761261,-8.372719764709473,,
ex8,split,21,test,1792,611.8243983020075,,0.6640161871910095,0.48198187351226807,-8.333736419677734,,
ex8,split,22,test,1792,601.0259536130179,,0.6476780772209167,0.47092825174331665,-8.443857192993164,,
ex8,split,23,test,1792,590.5215449139941,,0.617347002029419,0.6391829252243042,-8.391619682312012,,
ex8,split,24,test,1792,593.1934517280024,,0.6343099474906921,0.6101772785186768,-8.357461929321289,,
ex8,split,25,test,1792,572.5828344059992,,0.6823623776435852,0.6836606860160828,-8.436124801635742,,
ex8,split,26,test,1792,598.2123341919796,,0.6702167987823486,0.472146600484848,-8.329540252685547,,
ex8,split,27,test,1792,573.1829890350054,,0.641128659248352,0.7906686067581177,-8.383922576904297,,
ex8,split,28,test,1792,583.1592795409961,,0.7230284214019775,0.4833611249923706,-8.29908275604248,,
ex8,split,29,test,1792,556.0169255790242,,0.6260915994644165,0.614870011806488,-8.347495079040527,,
ex8,arff,0,test,1792,7.725708704994759,,0.913392961025238,0.11288834363222122,-8.996715545654297,,
ex8,arff,1,test,1792,8.127212641993538,,1.0097063779830933,0.11489719152450562,-8.926626205444336,,
ex8,arff,2,test,1792,7.55366901299567,,0.7269917726516724,0.11729038506746292,-8.813993453979492,,
ex8,arff,3,test,1792,7.79307382699335,,0.8104228973388672,0.1159871444106102,-8.990848541259766,,
ex8,arff,4,test,1792,7.93012796799303,,0.6517184376716614,0.11441955715417862,-8.903099060058594,,
ex8,arff,5,test,1792,7.838084507995518,,0.6619304418563843,0.11618520319461823,-8.748749732971191,,
ex8,arff,6,test,1792,7.839129733998561,,1.0423147678375244,0.11329233646392822,-8.8345947265625,,
ex8,arff,7,test,1792,7.682167629012838,,1.066190242767334,0.11199818551540375,-8.807658195495605,,
ex8,arff,8,test,1792,7.746364513994195,,1.4091483354568481,0.11276432871818542,-8.911375045776367,,
ex8,arff,9,test,1792,7.683728408010211,,0.977756679058075,0.11709533631801605,-8.8248872756958,,
ex8,arff,10,test,1792,7.940542413998628,,0.7150440812110901,0.11398221552371979,-8.833852767944336,,
ex8,arff,11,test,1792,7.765636338997865,,0.7229864001274109,0.10710863769054413,-9.009950637817383,,
ex8,arff,12,test,1792,7.771463045995915,,1.1720423698425293,0.1155429258942604,-8.822768211364746,,
ex8,arff,13,test,1792,7.968196326983161,,1.041361689567566,0.11537306010723114,-8.635035514831543,,
ex8,arff,14,test,1792,7.781697757018264,,0.9614141583442688,0.11692756414413452,-8.791543960571289,,
ex8,arff,15,test,1792,7.743868252000539,,0.7190465331077576,0.11494940519332886,-8.926082611083984,,
ex8,arff,16,test,1792,7.691615085001104,,0.7698349356651306,0.11869276314973831,-8.690439224243164,,
ex8,arff,17,test,1792,7.7154009850055445,,0.6928958892822266,0.11390934139490128,-8.790541648864746,,
ex8,arff,18,test,1792,7.732477005018154,,0.7477944493293762,0.11315076053142548,-8.746665000915527,,
ex8,arff,19,test,1792,7.668716447020415,,0.7367002367973328,0.11350522190332413,-8.99344539642334,,
ex8,arff,20,test,1792,7.924074095004471,,1.1312265396118164,0.11696494370698929,-8.916043281555176,,
ex8,arff,21,test,1792,7.539786981011275,,1.2159775495529175,0.10984130203723907,-8.885743141174316,,
ex8,arff,22,test,1792,7.806032234977465,,0.6193776726722717,0.11230384558439255,-8.959121704101562,,
ex8,arff,23,test,1792,7.579207236994989,,2.010294198989868,0.11315791308879852,-9.0007963180542,,
ex8,arff,24,test,1792,7.77889188498375,,0.7391088008880615,0.10952316224575043,-8.913825035095215,,
ex8,arff,25,test,1792,7.4897640779963695,,0.9395596385002136,0.11198104172945023,-8.881367683410645,,
ex8,arff,26,test,1792,7.80408372101374,,1.3481578826904297,0.11359666287899017,-8.956219673156738,,
ex8,arff,27,test,1792,7.382961514987983,,1.0131065845489502,0.1142771914601326,-8.885664939880371,,
ex8,arff,28,test,1792,8.24039749300573,,0.8504278063774109,0.11104511469602585,-8.814194679260254,,
ex8,arff,29,test,1792,7.50433745799819,,0.9335269331932068,0.11236491799354553,-9.000651359558105,,
ex8,mlp,0,test,1814,127.43938219401753,,0.444400996,0.389174879,-9.87611008,,
ex8,mlp,1,test,1814,128.4923751160095,,0.273878187,0.186555073,-10.0949945,,
ex8,mlp,2,test,1814,135.85466701901169,,0.305037677,0.339359969,-9.68098068,,
ex8,mlp,3,test,1814,132.12165328802075,,0.392213255,0.378432959,-9.73902988,,
ex8,mlp,4,test,1814,131.90711355299572,,0.316344172,0.28136459,-9.81584549,,
ex8,mlp,5,test,1814,125.87001327500911,,0.341415465,0.243954048,-9.88858604,,
ex8,mlp,6,test,1814,130.26689066700055,,0.272591352,0.249384552,-10.2542362,,
ex8,mlp,7,test,1814,124.98114452100708,,0.447318196,0.360906422,-9.69661522,,
ex8,mlp,8,test,1814,130.33759618300246,,0.239050224,0.185394078,-10.1294727,,
ex8,mlp,9,test,1814,130.95353401999455,,0.267067343,0.260167509,-9.99685478,,
ex8,mlp,10,test,1814,124.4829453949933,,0.271861643,0.23452118,-10.09548,,
ex8,mlp,11,test,1814,138.8659855989972,,0.253500551,0.408290833,-9.97230339,,
ex8,mlp,12,test,1814,135.25284546799958,,0.341265202,0.209422603,-9.93982029,,
ex8,mlp,13,test,1814,138.06598618702265,,0.334954411,0.207055807,-10.1545391,,
ex8,mlp,14,test,1814,125.82880123599898,,0.302937359,0.196683347,-10.0956192,,
ex8,mlp,15,test,1814,128.18442527897423,,0.256592005,0.283586472,-10.0769339,,
ex8,mlp,16,test,1814,135.0333663970232,,0.256550372,0.182699844,-10.1872158,,
ex8,mlp,17,test,1814,127.13726151298033,,0.399389595,0.422569841,-9.7270689,,
ex8,mlp,18,test,1814,132.00239784599398,,0.276599616,0.238234967,-9.88576508,,
ex8,mlp,19,test,1814,133.47914666699944,,0.358548701,0.204273701,-10.125145,,
ex8,mlp,20,test,1814,125.8216837880027,,0.229265004,0.255000025,-10.2569704,,
ex8,mlp,21,test,1814,131.9941877220117,,0.280227184,0.209585786,-9.99170589,,
ex8,mlp,22,test,1814,131.21992942100042,,0.313010097,0.238190055,-10.3272772,,
ex8,mlp,23,test,1814,124.87445807401673,,0.259226292,0.216866478,-9.87605,,
ex8,mlp,24,test,1814,127.01950159599073,,0.311246723,0.212592557,-10.1385126,,
ex8,mlp,25,test,1814,125.54114591199323,,0.251437247,0.211109087,-10.1337729,,
ex8,mlp,26,test,1814,133.77799779601628,,0.344532132,0.265319169,-10.0715189,,
ex8,mlp,27,test,1814,121.49102728400612,,0.253554791,0.480786383,-9.91012478,,
ex8,mlp,28,test,1814,120.43085263599642,,0.335151196,0.198867947,-10.433053,,
ex8,mlp,29,test,1814,138.46318579500075,,0.257209361,0.209948465,-9.98541069,,
