K,N,dataset_root,h,method,seed,study,variant,parameters,algorithm_time,reused,train_nll,train_drift_rmse,train_covariance_rmse,train_min_raw_eigenvalue,train_nll_minus_log_h,validation_nll,validation_drift_rmse,validation_covariance_rmse,validation_min_raw_eigenvalue,validation_nll_minus_log_h,test_nll,test_drift_rmse,test_covariance_rmse,test_min_raw_eigenvalue,test_nll_minus_log_h,train_min_covariance_eig,validation_min_covariance_eig,test_min_covariance_eig,train_raw_spd_violation_rate,validation_raw_spd_violation_rate,test_raw_spd_violation_rate,train_numerical_nonpositive_eig_rate,validation_numerical_nonpositive_eig_rate,test_numerical_nonpositive_eig_rate
1024,640000,dataset_roots/N_640000/h_2.5e-05,2.5e-05,joint_fourier,0,regime_h,h_2.5e-05,14336,843.4167267669691,True,-10.5846024,0.288116723,1.29854536,6.42003761e-06,0.012032333096072989,-10.583436,0.286397934,1.29233766,6.41856968e-06,0.01319873309607189,-10.5796938,0.286521941,1.28191543,6.63756964e-06,0.016940933096073252,,,,,,,,,
1024,640000,dataset_roots/N_640000/h_2.5e-05,2.5e-05,joint_fourier,1,regime_h,h_2.5e-05,14336,849.444007373997,True,-10.5372858,0.331748307,1.47952807,8.43592261e-06,0.05934893309607325,-10.536562,0.32874769,1.47895122,8.50742617e-06,0.06007273309607264,-10.5278149,0.333498091,1.46792614,8.48610307e-06,0.06881983309607342,,,,,,,,,
1024,640000,dataset_roots/N_640000/h_2.5e-05,2.5e-05,joint_fourier,2,regime_h,h_2.5e-05,14336,843.717983936076,True,-10.4529314,0.344257176,1.65220606,8.65022412e-06,0.14370333309607197,-10.452466,0.340702474,1.64995825,8.7501594e-06,0.14416873309607325,-10.4414291,0.348863214,1.64297593,8.79666368e-06,0.15520563309607205,,,,,,,,,
1024,640000,dataset_roots/N_640000/h_2.5e-05,2.5e-05,joint_fourier,3,regime_h,h_2.5e-05,14336,842.7827293910086,True,-10.6177387,0.258870393,1.50445151,6.45134651e-06,-0.021103966903927684,-10.6101484,0.255428165,1.49541414,6.46393755e-06,-0.013513666903927302,-10.6117373,0.258493304,1.48272634,6.54618952e-06,-0.015102566903927084,,,,,,,,,
1024,640000,dataset_roots/N_640000/h_2.5e-05,2.5e-05,joint_fourier,4,regime_h,h_2.5e-05,14336,831.3332261549076,True,-10.5568247,0.32779488,1.33923268,6.65001744e-06,0.03981003309607267,-10.5596075,0.323432058,1.33470953,6.74960529e-06,0.037027233096072365,-10.5516577,0.330384195,1.32436633,6.97031692e-06,0.044977033096072816,,,,,,,,,
1024,640000,dataset_roots/N_640000/h_2.5e-05,2.5e-05,joint_fourier,5,regime_h,h_2.5e-05,14336,874.1972688450478,True,-10.5365696,0.370025545,1.48682356,9.98864653e-06,0.06006513309607264,-10.5431709,0.367068022,1.47886193,1.01484638e-05,0.05346383309607283,-10.533761,0.3719818,1.46662891,1.01354954e-05,0.06287373309607247,,,,,,,,,
1024,640000,dataset_roots/N_640000/h_2.5e-05,2.5e-05,joint_fourier,6,regime_h,h_2.5e-05,14336,858.2226721380139,True,-10.5122728,0.302434713,2.1579814,6.04639945e-06,0.08436193309607276,-10.5168705,0.30114907,2.14666533,6.26660903e-06,0.07976423309607306,-10.5009327,0.302426696,2.13805985,6.37652329e-06,0.09570203309607273,,,,,,,,,
1024,640000,dataset_roots/N_640000/h_2.5e-05,2.5e-05,joint_fourier,7,regime_h,h_2.5e-05,14336,888.59459555801,True,-10.5761061,0.320612848,1.47852385,5.74037858e-06,0.020528633096072113,-10.5846691,0.31787017,1.47636962,6.07455104e-06,0.011965633096073347,-10.5676069,0.321649224,1.45353031,6.61254398e-06,0.029027833096073152,,,,,,,,,
1024,640000,dataset_roots/N_640000/h_2.5e-05,2.5e-05,joint_fourier,8,regime_h,h_2.5e-05,14336,845.3703325669048,True,-10.5099859,0.342431724,1.32960415,7.92367882e-06,0.08664883309607241,-10.5085888,0.340837449,1.32027268,7.96479708e-06,0.08804593309607256,-10.4965029,0.344264388,1.31565595,8.05091076e-06,0.10013183309607321,,,,,,,,,
1024,640000,dataset_roots/N_640000/h_2.5e-05,2.5e-05,joint_fourier,9,regime_h,h_2.5e-05,14336,839.8197208050406,True,-10.5329714,0.360463053,1.51680827,9.44332442e-06,0.06366333309607342,-10.5315952,0.359813899,1.50833344,9.40828522e-06,0.06503953309607269,-10.5202188,0.360970467,1.49939716,9.48407433e-06,0.07641593309607231,,,,,,,,,
1024,640000,dataset_roots/N_640000/h_2.5e-05,2.5e-05,split_fourier,0,regime_h,h_2.5e-05,14336,4447.817787069012,True,-10.566330909729004,1.4772250652313232,0.985772430896759,,0.030303823367068716,-10.548334121704102,1.475642204284668,0.9813064336776733,,0.04830061139197106,-10.555807113647461,1.4889682531356812,0.9743651747703552,,0.040827619448611685,1.6594489352428354e-05,1.663634793658275e-05,1.6658350432408042e-05,,,,,,
1024,640000,dataset_roots/N_640000/h_2.5e-05,2.5e-05,split_fourier,1,regime_h,h_2.5e-05,14336,4420.383409445989,True,-10.562360763549805,1.258345365524292,1.051876187324524,,0.034273969546267935,-10.568668365478516,1.2559030055999756,1.047193169593811,,0.027966367617556998,-10.556572914123535,1.2728315591812134,1.0401006937026978,,0.040061818972537466,1.4220131561160088e-05,1.5392901332234032e-05,1.588232407812029e-05,,,,,,
1024,640000,dataset_roots/N_640000/h_2.5e-05,2.5e-05,split_fourier,2,regime_h,h_2.5e-05,14336,4298.084233151982,True,-10.526544570922852,1.3414400815963745,0.8907318115234375,,0.07009016217322106,-10.534679412841797,1.3458367586135864,0.8863039612770081,,0.06195532025427575,-10.519726753234863,1.3439847230911255,0.8822759389877319,,0.07690797986120934,1.2671490367210936e-05,1.2792824236385059e-05,1.2977231563127134e-05,,,,,,
1024,640000,dataset_roots/N_640000/h_2.5e-05,2.5e-05,split_fourier,3,regime_h,h_2.5e-05,14336,4347.557629577001,True,-10.565577507019043,1.5972009897232056,1.2800748348236084,,0.031057226077029654,-10.550111770629883,1.5922911167144775,1.2762341499328613,,0.04652296246618981,-10.567591667175293,1.6129363775253296,1.2657707929611206,,0.029043065920779654,1.5629395420546643e-05,1.5975601854734123e-05,1.5998430171748623e-05,,,,,,
1024,640000,dataset_roots/N_640000/h_2.5e-05,2.5e-05,split_fourier,4,regime_h,h_2.5e-05,14336,4400.24441796192,True,-10.490533828735352,1.483354926109314,1.032834529876709,,0.10610090436072106,-10.49489688873291,1.4726377725601196,1.0298279523849487,,0.10173784436316247,-10.482154846191406,1.4889929294586182,1.0261719226837158,,0.11447988690466637,1.35163154482143e-05,1.356520897388691e-05,1.3589591617346741e-05,,,,,,
1024,640000,dataset_roots/N_640000/h_2.5e-05,2.5e-05,split_fourier,5,regime_h,h_2.5e-05,14336,4263.820566399954,True,-10.56490421295166,1.422629952430725,1.1264418363571167,,0.031730520144412466,-10.541443824768066,1.419226050376892,1.1214065551757812,,0.055190908328006216,-10.55176067352295,1.4290515184402466,1.1137278079986572,,0.044874059573123404,1.3797234714729711e-05,1.393497223034501e-05,1.3957446753920522e-05,,,,,,
1024,640000,dataset_roots/N_640000/h_2.5e-05,2.5e-05,split_fourier,6,regime_h,h_2.5e-05,14336,4385.171261135954,True,-10.534326553344727,1.3653881549835205,1.2173876762390137,,0.06230817975134606,-10.520021438598633,1.3701337575912476,1.2137848138809204,,0.07661329449743981,-10.522540092468262,1.3726311922073364,1.2097827196121216,,0.0740946406278109,1.1352987712598406e-05,1.149605213868199e-05,1.1416259440011345e-05,,,,,,
1024,640000,dataset_roots/N_640000/h_2.5e-05,2.5e-05,split_fourier,7,regime_h,h_2.5e-05,14336,4345.458429554943,True,-10.573073387145996,1.2824628353118896,1.055299162864685,,0.02356134595007653,-10.567779541015625,1.2816832065582275,1.0530441999435425,,0.028855192080447623,-10.56574821472168,1.285840392112732,1.0464857816696167,,0.030886518374392935,8.559259185858537e-06,9.221698746841867e-06,9.778042112884577e-06,,,,,,
1024,640000,dataset_roots/N_640000/h_2.5e-05,2.5e-05,split_fourier,8,regime_h,h_2.5e-05,14336,4466.307042585919,True,-10.571470260620117,1.3066269159317017,1.0988168716430664,,0.025164472475955435,-10.570334434509277,1.3167625665664673,1.093536138534546,,0.02630029858679528,-10.563004493713379,1.3124914169311523,1.0887768268585205,,0.033630239382693716,1.6576141206314787e-05,1.6614116248092614e-05,1.657167376833968e-05,,,,,,
1024,640000,dataset_roots/N_640000/h_2.5e-05,2.5e-05,split_fourier,9,regime_h,h_2.5e-05,14336,4293.3250815679785,True,-10.616113662719727,1.346574306488037,1.061944842338562,,-0.01947892962365394,-10.621211051940918,1.3551992177963257,1.0574555397033691,,-0.024576318844845346,-10.611665725708008,1.344617486000061,1.0543946027755737,,-0.01503099261193519,1.9735496607609093e-05,1.993343721551355e-05,1.984797745535616e-05,,,,,,
1024,640000,dataset_roots/N_640000/h_2.5e-05,2.5e-05,arff,0,regime_h,h_2.5e-05,14336,987.004050433985,True,-10.798815727233887,0.5946665406227112,0.0795489251613617,-0.11459729820489883,-0.2021809941378141,-10.808342933654785,0.5961594581604004,0.07743407785892487,-0.1148252785205841,-0.21170820055871253,-10.804749488830566,0.5935921669006348,0.07907944917678833,-0.11485479027032852,-0.20811475573449378,,,,0.4948156177997589,0.49570000171661377,0.48909997940063477,,,
1024,640000,dataset_roots/N_640000/h_2.5e-05,2.5e-05,arff,1,regime_h,h_2.5e-05,14336,992.1701074680313,True,-10.792366981506348,0.6287680268287659,0.08171743154525757,-0.12235372513532639,-0.19573224841027503,-10.804959297180176,0.6294345855712891,0.07955579459667206,-0.12200869619846344,-0.20832456408410316,-10.806108474731445,0.6293371319770813,0.08133591711521149,-0.11795385181903839,-0.2094737416353727,,,,0.4765281081199646,0.47849997878074646,0.47269999980926514,,,
1024,640000,dataset_roots/N_640000/h_2.5e-05,2.5e-05,arff,2,regime_h,h_2.5e-05,14336,990.4594048679573,True,-10.831732749938965,0.5499417781829834,0.07995770126581192,-0.1168341189622879,-0.23509801684289222,-10.844430923461914,0.5505008697509766,0.07783078402280807,-0.11640625447034836,-0.24779619036584144,-10.847942352294922,0.5483845472335815,0.07944445312023163,-0.11532726883888245,-0.25130761919884925,,,,0.4884999990463257,0.49549999833106995,0.4900999963283539,,,
1024,640000,dataset_roots/N_640000/h_2.5e-05,2.5e-05,arff,3,regime_h,h_2.5e-05,14336,984.4988423900213,True,-10.788590431213379,0.6096857786178589,0.08181248605251312,-0.11920376121997833,-0.19195569811730628,-10.800023078918457,0.6109539270401001,0.07966348528862,-0.11943872272968292,-0.2033883458223844,-10.798016548156738,0.6106419563293457,0.08138865977525711,-0.11837273091077805,-0.20138181506066566,,,,0.4754781126976013,0.48569998145103455,0.47279998660087585,,,
1024,640000,dataset_roots/N_640000/h_2.5e-05,2.5e-05,arff,4,regime_h,h_2.5e-05,14336,986.8443345369305,True,-10.779829025268555,0.6280320882797241,0.08085116744041443,-0.12936663627624512,-0.18319429217248206,-10.793931007385254,0.6316500306129456,0.07872495800256729,-0.12723307311534882,-0.19729627428918128,-10.798042297363281,0.6275742650032043,0.080569326877594,-0.12831313908100128,-0.20140756426720863,,,,0.47683122754096985,0.4778999984264374,0.47929999232292175,,,
1024,640000,dataset_roots/N_640000/h_2.5e-05,2.5e-05,arff,5,regime_h,h_2.5e-05,14336,990.8757568490691,True,-10.790675163269043,0.5855376720428467,0.0803285762667656,-0.12639102339744568,-0.19404043017297035,-10.80394458770752,0.5854933261871338,0.07847850769758224,-0.12670579552650452,-0.2073098546114469,-10.806957244873047,0.5819581151008606,0.08001866191625595,-0.12656734883785248,-0.21032251177697425,,,,0.46727654337882996,0.4745999872684479,0.47049999237060547,,,
1024,640000,dataset_roots/N_640000/h_2.5e-05,2.5e-05,arff,6,regime_h,h_2.5e-05,14336,989.9146257720422,True,-10.77644157409668,0.7148146033287048,0.08068680763244629,-0.14220678806304932,-0.17980684100060706,-10.795341491699219,0.7149304151535034,0.07878942787647247,-0.14105935394763947,-0.19870675860314613,-10.804072380065918,0.7150627374649048,0.08025799691677094,-0.13914519548416138,-0.20743764696984535,,,,0.48396560549736023,0.494299978017807,0.492499977350235,,,
1024,640000,dataset_roots/N_640000/h_2.5e-05,2.5e-05,arff,7,regime_h,h_2.5e-05,14336,988.2622834589565,True,-10.809773445129395,0.6113201379776001,0.07927501946687698,-0.13028480112552643,-0.2131387120333219,-10.807353973388672,0.6129984855651855,0.07720938324928284,-0.12953558564186096,-0.21071924029259925,-10.831432342529297,0.6101638078689575,0.07899513095617294,-0.1282850056886673,-0.23479760943322425,,,,0.4744546711444855,0.48099997639656067,0.47919997572898865,,,
1024,640000,dataset_roots/N_640000/h_2.5e-05,2.5e-05,arff,8,regime_h,h_2.5e-05,14336,985.7252479590243,True,-10.816925048828125,0.808029055595398,0.07968074828386307,-0.12046056240797043,-0.22029031573205238,-10.825638771057129,0.8137146234512329,0.07752807438373566,-0.1181538850069046,-0.22900403796105628,-10.828348159790039,0.8079280257225037,0.0794275626540184,-0.11819275468587875,-0.23171342669396644,,,,0.47532811760902405,0.4747999906539917,0.47749999165534973,,,
1024,640000,dataset_roots/N_640000/h_2.5e-05,2.5e-05,arff,9,regime_h,h_2.5e-05,14336,992.4806199969025,True,-10.783663749694824,0.6258890628814697,0.07962288707494736,-0.12676189839839935,-0.1870290165987516,-10.784131050109863,0.6282942295074463,0.07741251587867737,-0.12287195771932602,-0.18749631701379066,-10.805124282836914,0.6230772137641907,0.07925505191087723,-0.1236281767487526,-0.20848954974084144,,,,0.4726734161376953,0.4714999794960022,0.4749999940395355,,,
1024,640000,dataset_roots/N_640000/h_2.5e-05,2.5e-05,joint_mlp,0,regime_h,h_2.5e-05,14180,978.433986722026,True,-12.8037672,0.0678538531,0.348840475,5.72953968e-06,-2.2071324669039267,-12.812129,0.0678774565,0.346534252,5.7972934e-06,-2.215494266903928,-12.7910728,0.0672898516,0.361616611,6.33821764e-06,-2.1944380669039276,,,,,,,,,
1024,640000,dataset_roots/N_640000/h_2.5e-05,2.5e-05,joint_mlp,1,regime_h,h_2.5e-05,14180,1022.5134316700278,True,-12.762742,0.0538216569,0.256575435,4.84487555e-06,-2.1661072669039267,-12.7700586,0.0539087616,0.243667573,6.10715733e-06,-2.173423866903928,-12.7685995,0.0534603,0.256126225,4.90792854e-06,-2.171964766903928,,,,,,,,,
1024,640000,dataset_roots/N_640000/h_2.5e-05,2.5e-05,joint_mlp,2,regime_h,h_2.5e-05,14180,1006.4353998759761,True,-12.7861204,0.072620526,0.402906269,5.93846289e-06,-2.189485666903927,-12.8101406,0.0726311058,0.378809243,5.9867325e-06,-2.213505866903928,-12.7933016,0.0724288672,0.418231606,6.41088855e-06,-2.196666866903927,,,,,,,,,
1024,640000,dataset_roots/N_640000/h_2.5e-05,2.5e-05,joint_mlp,3,regime_h,h_2.5e-05,14180,982.6333424469922,True,-12.8074522,0.0534957945,0.268516809,4.67100836e-06,-2.2108174669039276,-12.8172979,0.0535610691,0.268349558,4.80016661e-06,-2.220663166903927,-12.8293915,0.0534490533,0.272976309,4.71696103e-06,-2.232756766903927,,,,,,,,,
1024,640000,dataset_roots/N_640000/h_2.5e-05,2.5e-05,joint_mlp,4,regime_h,h_2.5e-05,14180,984.5760304679861,True,-12.8010635,0.0675522238,0.234025642,9.60169291e-06,-2.204428766903927,-12.8248043,0.0678130761,0.232568741,9.8169885e-06,-2.2281695669039276,-12.8068085,0.067517519,0.235660255,9.612947e-06,-2.210173766903928,,,,,,,,,
1024,640000,dataset_roots/N_640000/h_2.5e-05,2.5e-05,joint_mlp,5,regime_h,h_2.5e-05,14180,1027.4361820850754,True,-12.7857227,0.053971529,0.282441348,6.71743237e-06,-2.1890879669039283,-12.7931032,0.05394556,0.283014864,6.83580402e-06,-2.1964684669039265,-12.7938633,0.0539504662,0.281449527,6.80606081e-06,-2.1972285669039273,,,,,,,,,
1024,640000,dataset_roots/N_640000/h_2.5e-05,2.5e-05,joint_mlp,6,regime_h,h_2.5e-05,14180,955.550987831899,True,-12.6875715,0.0630529076,0.258608341,8.0718446e-06,-2.090936766903928,-12.6980572,0.0634320378,0.261597991,8.1993785e-06,-2.1014224669039265,-12.7072639,0.062701501,0.261905998,8.10090296e-06,-2.1106291669039265,,,,,,,,,
1024,640000,dataset_roots/N_640000/h_2.5e-05,2.5e-05,joint_mlp,7,regime_h,h_2.5e-05,14180,1010.9244350610534,True,-12.7804546,0.0507553779,0.312905431,5.7133966e-06,-2.183819866903928,-12.8185682,0.0510578901,0.295321584,5.83053952e-06,-2.221933466903927,-12.8045921,0.0506607816,0.32698372,5.75970898e-06,-2.207957366903928,,,,,,,,,
1024,640000,dataset_roots/N_640000/h_2.5e-05,2.5e-05,joint_mlp,8,regime_h,h_2.5e-05,14180,970.3963787859539,True,-12.8148499,0.0772951767,0.30205074,5.1852785e-06,-2.218215166903928,-12.8194857,0.0773026645,0.303515285,5.26422127e-06,-2.222850966903927,-12.8387985,0.0769007504,0.362754464,5.42023417e-06,-2.2421637669039267,,,,,,,,,
1024,640000,dataset_roots/N_640000/h_2.5e-05,2.5e-05,joint_mlp,9,regime_h,h_2.5e-05,14180,1071.0320666719927,True,-12.6739435,0.045253031,0.279911399,5.40431438e-06,-2.0773087669039274,-12.6828508,0.0458117388,0.27976054,5.45932062e-06,-2.086216066903928,-12.6982336,0.0446945876,0.284618258,5.62127389e-06,-2.1015988669039274,,,,,,,,,
1024,640000,dataset_roots/N_640000/h_2.5e-05,2.5e-05,split_mlp,0,regime_h,h_2.5e-05,14180,4811.097581287962,True,-12.62661775970459,0.6119076168206092,0.2657368695261966,,-2.0299830266085177,-12.634164511108398,0.6127853778290075,0.25052215193331706,,-2.037529778012326,-12.65121353302002,0.6077090364301676,0.29424324042058425,,-2.054578799923947,1.0711154573073145e-05,1.1459128472779412e-05,1.0819052477017976e-05,,,,0.0,0.0,0.0
1024,640000,dataset_roots/N_640000/h_2.5e-05,2.5e-05,split_mlp,1,regime_h,h_2.5e-05,14180,5007.378160968074,True,-12.597261352539062,0.962108994937762,0.2580873968573612,,-2.00062661944299,-12.602293406677246,0.9577070447720256,0.24242548621198312,,-2.0056586735811734,-12.616528005981445,0.9698007182062375,0.2773404153836014,,-2.0198932728853727,9.923964171321131e-06,1.0253995242237579e-05,9.926940947480034e-06,,,,0.0,0.0,0.0
1024,640000,dataset_roots/N_640000/h_2.5e-05,2.5e-05,split_mlp,2,regime_h,h_2.5e-05,14180,4887.0798277819995,True,-12.662650274658203,0.8006342560352131,0.27922068188119764,,-2.0660155415621304,-12.689020230102539,0.7953399540236554,0.26054935706216586,,-2.0923854970064664,-12.69048157043457,0.8102565080803743,0.3069521851244682,,-2.093846837338498,1.155833979282761e-05,1.1628887477854732e-05,1.1602301128732506e-05,,,,0.0,0.0,0.0
1024,640000,dataset_roots/N_640000/h_2.5e-05,2.5e-05,split_mlp,3,regime_h,h_2.5e-05,14180,4796.823363938951,True,-12.55910327758789,1.107521148860357,0.22783111419994234,,-1.9624685444918182,-12.567885137939452,1.098593624876112,0.20314404430592495,,-1.9712504048433797,-12.56964672241211,1.116098505016836,0.2649555923079357,,-1.9730119893160367,1.6037940440583043e-05,1.6060237612691708e-05,1.607671038073022e-05,,,,0.0,0.0,0.0
1024,640000,dataset_roots/N_640000/h_2.5e-05,2.5e-05,split_mlp,4,regime_h,h_2.5e-05,14180,4787.064623429906,True,-12.644265434265137,0.662542086931858,0.20099385908986397,,-2.047630701169064,-12.649531172180176,0.6595289936242847,0.19519528924136562,,-2.052896439084103,-12.658928048706054,0.6649475238821516,0.20313305920172883,,-2.062293315609981,1.1668848856061231e-05,1.1682465810736176e-05,1.1690204701153561e-05,,,,0.0,0.0,0.0
1024,640000,dataset_roots/N_640000/h_2.5e-05,2.5e-05,split_mlp,5,regime_h,h_2.5e-05,14180,4752.653450316051,True,-12.642425744628905,0.7568059112519392,0.2742484747803129,,-2.045791011532833,-12.652972567749023,0.7544631777319574,0.2657146338836707,,-2.0563378346529504,-12.66182259979248,0.7619256503830681,0.31431823771613504,,-2.065187866696407,1.2989635251869913e-05,1.3047003449173644e-05,1.4090595868765377e-05,,,,0.0,0.0,0.0
1024,640000,dataset_roots/N_640000/h_2.5e-05,2.5e-05,split_mlp,6,regime_h,h_2.5e-05,14180,4860.518611153937,True,-12.586682623291015,0.9402700623729511,0.22573358454345008,,-1.9900478901949423,-12.589455421447754,0.9400907058219193,0.21935300338712677,,-1.9928206883516815,-12.599352772521973,0.9440023660263177,0.23792159805631313,,-2.0027180394259005,1.3605604181066155e-05,1.399279062752612e-05,1.4439464393944945e-05,,,,0.0,0.0,0.0
1024,640000,dataset_roots/N_640000/h_2.5e-05,2.5e-05,split_mlp,7,regime_h,h_2.5e-05,14180,4814.931919340044,True,-12.498635913085938,1.1588043626048943,0.18907880840987712,,-1.902001179989865,-12.50429907989502,1.1589106763048067,0.18489982098918842,,-1.9076643467989474,-12.511656364440919,1.158040554107814,0.19391867607268828,,-1.915021631344846,1.8011469364864752e-05,1.8036911569652148e-05,1.811473339330405e-05,,,,0.0,0.0,0.0
1024,640000,dataset_roots/N_640000/h_2.5e-05,2.5e-05,split_mlp,8,regime_h,h_2.5e-05,14180,4780.156702223001,True,-12.526871041870118,1.1531433826798094,0.20893051484352473,,-1.9302363087740453,-12.541612930297852,1.1446829283444333,0.20683763053503018,,-1.9449781972017792,-12.552003839111329,1.1633962398859392,0.20938263756602743,,-1.9553691060152563,1.2477066775318235e-05,1.2990175491722766e-05,1.3075901733827777e-05,,,,0.0,0.0,0.0
1024,640000,dataset_roots/N_640000/h_2.5e-05,2.5e-05,split_mlp,9,regime_h,h_2.5e-05,14180,4874.785247675027,True,-12.583133909606934,0.9076045366418343,0.22970528877890975,,-1.9864991765108613,-12.599098304748535,0.9004097576270859,0.22518771623269174,,-2.002463571652463,-12.593110711669922,0.9163549992335609,0.23527281677335568,,-1.9964759785738497,1.605943361937534e-05,1.6100542779895477e-05,1.609288483450655e-05,,,,0.0,0.0,0.0
1024,640000,dataset_roots/N_640000/h_5e-05,5e-05,joint_fourier,0,regime_h,h_5e-05,14336,878.477394567104,True,-9.88238716,0.267762184,1.12614608,1.57157247e-05,0.021100392536126833,-9.89561272,0.267122954,1.12205839,1.58400635e-05,0.00787483253612642,-9.87713242,0.267538458,1.11258769,1.58199546e-05,0.026355132536126646,,,,,,,,,
1024,640000,dataset_roots/N_640000/h_5e-05,5e-05,joint_fourier,1,regime_h,h_5e-05,14336,857.2951854079729,True,-9.84255123,0.284923673,1.28192389,1.10675028e-05,0.06093632253612746,-9.83634853,0.28454569,1.27977204,1.1057321e-05,0.0671390225361268,-9.8364048,0.287236035,1.27072716,1.11620157e-05,0.06708275253612683,,,,,,,,,
1024,640000,dataset_roots/N_640000/h_5e-05,5e-05,joint_fourier,2,regime_h,h_5e-05,14336,851.9904504129663,True,-9.76330757,0.328056216,1.15058959,8.72448345e-06,0.14017998253612696,-9.77679348,0.326914757,1.14577091,9.08786387e-06,0.12669407253612697,-9.75462341,0.329146087,1.14284956,8.94066852e-06,0.14886414253612656,,,,,,,,,
1024,640000,dataset_roots/N_640000/h_5e-05,5e-05,joint_fourier,3,regime_h,h_5e-05,14336,867.5707894930383,True,-9.88587189,0.244652525,1.63833928,1.91972522e-05,0.017615662536126564,-9.89925766,0.244931772,1.62226605,1.92578009e-05,0.004229892536127267,-9.88698864,0.245548204,1.60276926,1.92440966e-05,0.01649891253612701,,,,,,,,,
1024,640000,dataset_roots/N_640000/h_5e-05,5e-05,joint_fourier,4,regime_h,h_5e-05,14336,894.5945562099805,True,-9.82466221,0.292056113,1.21001256,1.31822399e-05,0.07882534253612761,-9.82558632,0.290341228,1.20531762,1.34417041e-05,0.0779012325361279,-9.82032967,0.293751746,1.19689775,1.34042602e-05,0.08315788253612766,,,,,,,,,
1024,640000,dataset_roots/N_640000/h_5e-05,5e-05,joint_fourier,5,regime_h,h_5e-05,14336,867.6276562110288,True,-9.84758759,0.28791973,1.24166727,1.36768867e-05,0.05589996253612739,-9.84878635,0.28801021,1.23672354,1.37308562e-05,0.05470120253612798,-9.84992695,0.287445068,1.22604394,1.41458668e-05,0.05356060253612682,,,,,,,,,
1024,640000,dataset_roots/N_640000/h_5e-05,5e-05,joint_fourier,6,regime_h,h_5e-05,14336,850.653763235081,True,-9.77463913,0.24207361,1.54036987,1.1119485e-05,0.1288484225361266,-9.78922367,0.241826773,1.5330919,1.13507622e-05,0.11426388253612707,-9.77715302,0.242471024,1.52841723,1.11883146e-05,0.12633453253612714,,,,,,,,,
1024,640000,dataset_roots/N_640000/h_5e-05,5e-05,joint_fourier,7,regime_h,h_5e-05,14336,854.0477876260411,True,-9.87530136,0.225509793,1.2533704,8.77277762e-06,0.028186192536127308,-9.88309193,0.225671098,1.25246847,9.59972022e-06,0.020395622536126368,-9.87809944,0.224549577,1.23715746,1.09909033e-05,0.025388112536127494,,,,,,,,,
1024,640000,dataset_roots/N_640000/h_5e-05,5e-05,joint_fourier,8,regime_h,h_5e-05,14336,864.9721643120283,True,-9.8264513,0.240870222,1.17901206,1.20776267e-05,0.07703625253612678,-9.8350687,0.240501761,1.17188358,1.21849771e-05,0.06841885253612645,-9.80018425,0.242383361,1.1670413,1.21109679e-05,0.10330330253612807,,,,,,,,,
1024,640000,dataset_roots/N_640000/h_5e-05,5e-05,joint_fourier,9,regime_h,h_5e-05,14336,853.7907521809684,True,-9.82233238,0.26641196,1.25570023,1.45041877e-05,0.08115517253612659,-9.82619953,0.266869783,1.24828422,1.45708273e-05,0.07728802253612699,-9.81912613,0.266819805,1.24258876,1.48113586e-05,0.08436142253612644,,,,,,,,,
1024,640000,dataset_roots/N_640000/h_5e-05,5e-05,split_fourier,0,regime_h,h_5e-05,14336,4491.587138212053,True,-9.867232322692871,1.0009888410568237,0.8875018358230591,,0.03625522984325613,-9.879422187805176,0.9931986331939697,0.8846302628517151,,0.024065364730951444,-9.868983268737793,0.9991769790649414,0.8784953355789185,,0.034504283798334257,2.417220275674481e-05,2.9218135750852525e-05,2.9275317501742393e-05,,,,,,
1024,640000,dataset_roots/N_640000/h_5e-05,5e-05,split_fourier,1,regime_h,h_5e-05,14336,4455.402864345931,True,-9.896371841430664,0.9149858951568604,1.0433924198150635,,0.007115711105463163,-9.923016548156738,0.9105467200279236,1.04331636428833,,-0.019528995620611056,-9.910662651062012,0.9128586649894714,1.0318392515182495,,-0.0071750985258844935,1.616338522580918e-05,1.7693626432446763e-05,1.7217855202034116e-05,,,,,,
1024,640000,dataset_roots/N_640000/h_5e-05,5e-05,split_fourier,2,regime_h,h_5e-05,14336,4718.849274406093,True,-9.794243812561035,0.7848548293113708,0.7921191453933716,,0.10924373997509207,-9.807329177856445,0.7823330163955688,0.7845577597618103,,0.09615837467968191,-9.796555519104004,0.7855282425880432,0.7821919322013855,,0.10693203343212332,1.671263817115687e-05,1.7368716726196e-05,1.6769852663856e-05,,,,,,
1024,640000,dataset_roots/N_640000/h_5e-05,5e-05,split_fourier,3,regime_h,h_5e-05,14336,4296.33538724808,True,-9.874449729919434,0.8409478068351746,1.1124788522720337,,0.02903782261669363,-9.865934371948242,0.839968204498291,1.1033267974853516,,0.03755318058788504,-9.887825965881348,0.8393561244010925,1.0906926393508911,,0.01566158665477957,1.771067218214739e-05,1.784239793778397e-05,1.8075226762448438e-05,,,,,,
1024,640000,dataset_roots/N_640000/h_5e-05,5e-05,split_fourier,4,regime_h,h_5e-05,14336,4393.492950226995,True,-9.810781478881836,0.6666848063468933,0.8640682697296143,,0.09270607365429129,-9.82683277130127,0.666598916053772,0.8590546250343323,,0.0766547812348577,-9.807151794433594,0.6661853790283203,0.8572208285331726,,0.09633575810253348,2.4403430870734155e-05,2.7997310098726302e-05,2.8107153411838226e-05,,,,,,
1024,640000,dataset_roots/N_640000/h_5e-05,5e-05,split_fourier,5,regime_h,h_5e-05,14336,4616.87280751206,True,-9.83740520477295,0.8034917116165161,1.0194820165634155,,0.066082347763178,-9.86052131652832,0.7993603348731995,1.0159542560577393,,0.04296623600780691,-9.834529876708984,0.799187958240509,1.0084348917007446,,0.06895767582714285,2.352214141865261e-05,2.3896258426248096e-05,2.3877852072473615e-05,,,,,,
1024,640000,dataset_roots/N_640000/h_5e-05,5e-05,split_fourier,6,regime_h,h_5e-05,14336,4615.9442508210195,True,-9.809404373168945,0.8422293066978455,1.1735413074493408,,0.09408317936718191,-9.811702728271484,0.8427568674087524,1.1659725904464722,,0.09178482426464285,-9.801039695739746,0.8342557549476624,1.1605478525161743,,0.10244785679638113,1.2375757250993047e-05,1.2446148502931464e-05,1.2619455446838401e-05,,,,,,
1024,640000,dataset_roots/N_640000/h_5e-05,5e-05,split_fourier,7,regime_h,h_5e-05,14336,4271.565287975012,True,-9.849470138549805,0.8340726494789124,1.0336933135986328,,0.05401741398632254,-9.862005233764648,0.8293142318725586,1.0328152179718018,,0.04148231877147879,-9.8546781539917,0.8324247598648071,1.0239611864089966,,0.048809398544428007,1.6125222828122787e-05,1.9097338736173697e-05,1.9548804630176164e-05,,,,,,
1024,640000,dataset_roots/N_640000/h_5e-05,5e-05,split_fourier,8,regime_h,h_5e-05,14336,4307.036372433999,True,-9.776623725891113,0.859685480594635,1.0388087034225464,,0.12686382664501394,-9.804362297058105,0.8587725758552551,1.0335942506790161,,0.09912525547802176,-9.770990371704102,0.8593844771385193,1.030119776725769,,0.13249718083202566,2.2177337086759508e-05,2.2277112293522805e-05,2.2478941900772043e-05,,,,,,
1024,640000,dataset_roots/N_640000/h_5e-05,5e-05,split_fourier,9,regime_h,h_5e-05,14336,4330.073883721954,True,-9.865942001342773,0.8593159914016724,1.0961240530014038,,0.03754555119335379,-9.88337516784668,0.8617762923240662,1.0911922454833984,,0.020112384689447538,-9.879180908203125,0.8570506572723389,1.0854663848876953,,0.024306644333002225,1.6571395462960936e-05,2.0484058040892705e-05,1.737289858283475e-05,,,,,,
1024,640000,dataset_roots/N_640000/h_5e-05,5e-05,arff,0,regime_h,h_5e-05,14336,990.3335596449906,True,-10.102025985717773,0.4473002851009369,0.08039385080337524,-0.14000989496707916,-0.1985384331816462,-10.118229866027832,0.4510800838470459,0.07828211039304733,-0.13589109480381012,-0.2147423134917048,-10.107412338256836,0.4452364146709442,0.08029907196760178,-0.1390346735715866,-0.2039247857207087,,,,0.47675153613090515,0.4714999794960022,0.4717999994754791,,,
1024,640000,dataset_roots/N_640000/h_5e-05,5e-05,arff,1,regime_h,h_5e-05,14336,981.1738560760859,True,-10.113813400268555,0.4238812327384949,0.08132312446832657,-0.11974658817052841,-0.21032584773242746,-10.145891189575195,0.4257383346557617,0.0791475772857666,-0.1183612123131752,-0.2424036370390681,-10.134522438049316,0.42315006256103516,0.08085525035858154,-0.11964645236730576,-0.23103488551318918,,,,0.4733765423297882,0.48589998483657837,0.4772999882698059,,,
1024,640000,dataset_roots/N_640000/h_5e-05,5e-05,arff,2,regime_h,h_5e-05,14336,984.343160055927,True,-10.127423286437988,0.3662373721599579,0.079835444688797,-0.11647193133831024,-0.22393573390186106,-10.141913414001465,0.36918237805366516,0.07768452167510986,-0.11179827898740768,-0.23842586146533762,-10.14703369140625,0.36557185649871826,0.07940869778394699,-0.11077342927455902,-0.24354613887012277,,,,0.4776749908924103,0.4803999960422516,0.4777999818325043,,,
1024,640000,dataset_roots/N_640000/h_5e-05,5e-05,arff,3,regime_h,h_5e-05,14336,992.8274708489189,True,-10.092303276062012,0.4097591042518616,0.0810796245932579,-0.11856220662593842,-0.1888157235258845,-10.116029739379883,0.41561585664749146,0.07912891358137131,-0.11543483287096024,-0.2125421868437556,-10.113195419311523,0.40816599130630493,0.0807432234287262,-0.11804386973381042,-0.2097078667753962,,,,0.4751874804496765,0.48429998755455017,0.4713999927043915,,,
1024,640000,dataset_roots/N_640000/h_5e-05,5e-05,arff,4,regime_h,h_5e-05,14336,991.3610714389943,True,-10.106666564941406,0.4293321371078491,0.07916462421417236,-0.11298190802335739,-0.20317901240527902,-10.136767387390137,0.4343497157096863,0.07698679715394974,-0.1125638484954834,-0.2332798348540095,-10.124661445617676,0.42722460627555847,0.07883437722921371,-0.11217823624610901,-0.22117389308154856,,,,0.47251248359680176,0.48009997606277466,0.46869999170303345,,,
1024,640000,dataset_roots/N_640000/h_5e-05,5e-05,arff,5,regime_h,h_5e-05,14336,990.3409815049963,True,-10.120404243469238,0.4177860617637634,0.0805496871471405,-0.1337919384241104,-0.21691669093311106,-10.144712448120117,0.4186854660511017,0.07845813781023026,-0.12354817986488342,-0.24122489558398996,-10.141952514648438,0.417098730802536,0.08023843169212341,-0.13134212791919708,-0.23846496211231027,,,,0.48207342624664307,0.4861999750137329,0.4893999993801117,,,
1024,640000,dataset_roots/N_640000/h_5e-05,5e-05,arff,6,regime_h,h_5e-05,14336,986.3631720870035,True,-10.056792259216309,0.4177936017513275,0.07978183776140213,-0.12851358950138092,-0.15330470668018137,-10.075141906738281,0.4226229190826416,0.0775764063000679,-0.12810520827770233,-0.17165435420215402,-10.082771301269531,0.4157908260822296,0.07945060729980469,-0.12795118987560272,-0.17928374873340402,,,,0.473931223154068,0.4867999851703644,0.48099997639656067,,,
1024,640000,dataset_roots/N_640000/h_5e-05,5e-05,arff,7,regime_h,h_5e-05,14336,989.766462828964,True,-10.116660118103027,0.3954392969608307,0.078801728785038,-0.1587957888841629,-0.21317256556690012,-10.138973236083984,0.39983096718788147,0.07667181640863419,-0.1535448133945465,-0.23548568354785715,-10.1411714553833,0.39469602704048157,0.07828453183174133,-0.11725299060344696,-0.23768390284717356,,,,0.4840609133243561,0.491599977016449,0.48659998178482056,,,
1024,640000,dataset_roots/N_640000/h_5e-05,5e-05,arff,8,regime_h,h_5e-05,14336,988.1240856569493,True,-10.084183692932129,0.43348219990730286,0.0800148993730545,-0.12007467448711395,-0.18069614039600168,-10.09667682647705,0.4381004571914673,0.07791205495595932,-0.11849969625473022,-0.19318927394092356,-10.108930587768555,0.43164870142936707,0.07960143685340881,-0.11980167776346207,-0.20544303523242746,,,,0.47153905034065247,0.47209998965263367,0.47689998149871826,,,
1024,640000,dataset_roots/N_640000/h_5e-05,5e-05,arff,9,regime_h,h_5e-05,14336,990.2834047679789,True,-10.078990936279297,0.4019789695739746,0.07831371575593948,-0.10485448688268661,-0.17550338374316965,-10.098135948181152,0.40490737557411194,0.07615992426872253,-0.10134176909923553,-0.19464839564502512,-10.090816497802734,0.4010598659515381,0.07784301042556763,-0.10347030311822891,-0.18732894526660715,,,,0.48189374804496765,0.4892999827861786,0.4812999963760376,,,
1024,640000,dataset_roots/N_640000/h_5e-05,5e-05,joint_mlp,0,regime_h,h_5e-05,14180,958.6906683469424,True,-11.9293995,0.0567484833,0.325285733,7.52702454e-06,-2.0259119474638734,-11.954318,0.0568562336,0.302451015,7.64575361e-06,-2.0508304474638734,-11.9467058,0.0564832464,0.335098565,7.58811666e-06,-2.043218247463873,,,,,,,,,
1024,640000,dataset_roots/N_640000/h_5e-05,5e-05,joint_mlp,1,regime_h,h_5e-05,14180,966.0481069099624,True,-11.882165,0.0573367588,0.204865441,7.74521595e-06,-1.9786774474638733,-11.9172487,0.0573140942,0.203165978,7.79260154e-06,-2.013761147463873,-11.9059763,0.0571254231,0.205524847,7.90622198e-06,-2.0024887474638735,,,,,,,,,
1024,640000,dataset_roots/N_640000/h_5e-05,5e-05,joint_mlp,2,regime_h,h_5e-05,14180,1005.9742198670283,True,-11.9430485,0.0509673767,0.251238316,8.10507208e-06,-2.0395609474638725,-11.9660015,0.0508933179,0.24677144,8.23755363e-06,-2.0625139474638736,-11.9775743,0.0509817898,0.251208544,8.22142647e-06,-2.0740867474638733,,,,,,,,,
1024,640000,dataset_roots/N_640000/h_5e-05,5e-05,joint_mlp,3,regime_h,h_5e-05,14180,944.3762759380043,True,-11.9022608,0.0662057325,0.314745605,1.15216926e-05,-1.9987732474638733,-11.9338751,0.066075325,0.299729258,1.15827233e-05,-2.0303875474638726,-11.9258595,0.0659920126,0.319934696,1.16028377e-05,-2.0223719474638724,,,,,,,,,
1024,640000,dataset_roots/N_640000/h_5e-05,5e-05,joint_mlp,4,regime_h,h_5e-05,14180,968.4422281829175,True,-11.9026718,0.0572421513,0.222272828,7.47440436e-06,-1.999184247463873,-11.9182901,0.0573252849,0.2207838,7.62199079e-06,-2.014802547463873,-11.9163141,0.0569357872,0.229281485,7.54374787e-06,-2.012826547463872,,,,,,,,,
1024,640000,dataset_roots/N_640000/h_5e-05,5e-05,joint_mlp,5,regime_h,h_5e-05,14180,982.7757642460056,True,-11.873354,0.0578795671,0.22057569,1.16202255e-05,-1.9698664474638736,-11.8991051,0.0578267947,0.218986392,1.16609062e-05,-1.9956175474638727,-11.898756,0.0576714724,0.222061008,1.16516867e-05,-1.9952684474638733,,,,,,,,,
1024,640000,dataset_roots/N_640000/h_5e-05,5e-05,joint_mlp,6,regime_h,h_5e-05,14180,1013.9799569899915,True,-11.9168415,0.0665059611,0.217921704,8.00809084e-06,-2.013353947463873,-11.9428282,0.0665982142,0.212854728,8.081538e-06,-2.039340647463872,-11.9449501,0.0662519857,0.220094249,8.08699406e-06,-2.0414625474638726,,,,,,,,,
1024,640000,dataset_roots/N_640000/h_5e-05,5e-05,joint_mlp,7,regime_h,h_5e-05,14180,958.5489845200209,True,-11.8604355,0.0476670563,0.260954887,1.13980341e-05,-1.9569479474638722,-11.8850298,0.0475522727,0.261436909,1.18123389e-05,-1.9815422474638726,-11.8874855,0.0473957844,0.266752392,1.17054469e-05,-1.9839979474638731,,,,,,,,,
1024,640000,dataset_roots/N_640000/h_5e-05,5e-05,joint_mlp,8,regime_h,h_5e-05,14180,980.0814089600462,True,-11.9197588,0.0527108796,0.270896405,9.90141689e-06,-2.016271247463873,-11.9479122,0.0526487939,0.268156797,9.93400408e-06,-2.044424647463872,-11.9487667,0.0525261387,0.273086876,9.90416538e-06,-2.045279147463873,,,,,,,,,
1024,640000,dataset_roots/N_640000/h_5e-05,5e-05,joint_mlp,9,regime_h,h_5e-05,14180,988.0221232390031,True,-11.8589649,0.0668694377,0.231247187,9.74245904e-06,-1.955477347463873,-11.8874664,0.0668390244,0.229761094,9.96187646e-06,-1.983978847463872,-11.8923311,0.0667090118,0.232583374,9.76483352e-06,-1.9888435474638726,,,,,,,,,
1024,640000,dataset_roots/N_640000/h_5e-05,5e-05,split_mlp,0,regime_h,h_5e-05,14180,4794.627711161971,True,-11.721876181030273,0.5600284034096092,0.20800587429618023,,-1.8183886284941462,-11.737530197143554,0.5594624583696459,0.20616659625436226,,-1.8340426446074272,-11.751498469543456,0.5616054585961665,0.21161977876831412,,-1.8480109170073291,2.0013954781461507e-05,2.0334566215751693e-05,2.0656882043113e-05,,,,0.0,0.0,0.0
1024,640000,dataset_roots/N_640000/h_5e-05,5e-05,split_mlp,1,regime_h,h_5e-05,14180,4884.753162767971,True,-11.804489727783203,0.3832830633759068,0.20446973842690577,,-1.9010021752470756,-11.844105624389648,0.3824786749295221,0.20781184243353729,,-1.940618071853521,-11.840421800231933,0.38460479465016884,0.21238444111078092,,-1.936934247695806,1.4360725799633656e-05,1.450334912078688e-05,1.4484842722595204e-05,,,,0.0,0.0,0.0
1024,640000,dataset_roots/N_640000/h_5e-05,5e-05,split_mlp,2,regime_h,h_5e-05,14180,4820.965329875937,True,-11.817197973632812,0.38407169911847727,0.27632033766411696,,-1.9137104210966847,-11.825947456359863,0.38304236022721316,0.2603971837238429,,-1.9224599038237358,-11.848991477966308,0.38433314594848955,0.2952950986004042,,-1.945503925430181,1.7100635886890814e-05,1.7431895685149357e-05,1.7432956155971624e-05,,,,0.0,0.0,0.0
1024,640000,dataset_roots/N_640000/h_5e-05,5e-05,split_mlp,3,regime_h,h_5e-05,14180,4751.071919342037,True,-11.793661767578126,0.6351382196635034,0.18637374250694952,,-1.8901742150419985,-11.811079597473144,0.6359297886148144,0.18329589235016397,,-1.907592044937017,-11.82864493713379,0.6369111836215021,0.19080284874361952,,-1.9251573845976626,1.0340992048440967e-05,1.1037797776225489e-05,1.1242587788728997e-05,,,,0.0,0.0,0.0
1024,640000,dataset_roots/N_640000/h_5e-05,5e-05,split_mlp,4,regime_h,h_5e-05,14180,4802.623659515055,True,-11.75849895324707,0.38763032186739804,0.2123593630026041,,-1.8550114007109428,-11.77446286468506,0.3870762547222629,0.2156213782863951,,-1.870975312148932,-11.792220637512207,0.3899018036065134,0.21249023572770892,,-1.8887330849760797,1.6723541193641722e-05,1.6814776245155372e-05,1.6838786905282177e-05,,,,0.0,0.0,0.0
1024,640000,dataset_roots/N_640000/h_5e-05,5e-05,split_mlp,5,regime_h,h_5e-05,14180,4784.561492549954,True,-11.773120561218262,0.27052363572901955,0.21471312586157823,,-1.8696330086821344,-11.79988702545166,0.2695908428154543,0.21398899183726725,,-1.8963994729155331,-11.806228855895997,0.2710546713558038,0.21273509689533557,,-1.9027413033598695,1.1622860256466083e-05,1.1631911547738127e-05,1.1975000234087929e-05,,,,0.0,0.0,0.0
1024,640000,dataset_roots/N_640000/h_5e-05,5e-05,split_mlp,6,regime_h,h_5e-05,14180,4784.035490268958,True,-11.704972717285155,0.5540343956712037,0.19090377220228358,,-1.8014851647490282,-11.7222646194458,0.5518467878445433,0.18738658978216538,,-1.8187770669096732,-11.73067769317627,0.5589879841741903,0.19438267533768622,,-1.827190140640143,1.3180776477383915e-05,1.3262415450299159e-05,1.3831873729941435e-05,,,,0.0,0.0,0.0
1024,640000,dataset_roots/N_640000/h_5e-05,5e-05,split_mlp,7,regime_h,h_5e-05,14180,4755.71412377106,True,-11.778750903320313,0.6618901008446116,0.2640800435611416,,-1.875263350784186,-11.805723582458496,0.6639129243492865,0.2495935316608839,,-1.9022360299223688,-11.823082684326172,0.6633525971779127,0.26622451384571844,,-1.9195951317900448,1.1223956789763179e-05,1.2136788427596912e-05,1.229667122970568e-05,,,,0.0,0.0,0.0
1024,640000,dataset_roots/N_640000/h_5e-05,5e-05,split_mlp,8,regime_h,h_5e-05,14180,4897.721897611977,True,-11.625574502563477,0.6907507089321772,0.24732084467619378,,-1.7220869500273501,-11.65955520477295,0.6874283523020196,0.23116527319520985,,-1.7560676522368226,-11.658678884887696,0.6936979827578889,0.25321534886867564,,-1.7551913323515684,1.4038809240446426e-05,1.4113881661614869e-05,1.4904837371432222e-05,,,,0.0,0.0,0.0
1024,640000,dataset_roots/N_640000/h_5e-05,5e-05,split_mlp,9,regime_h,h_5e-05,14180,4759.129906098009,True,-11.686419079589843,0.9107402314987337,0.17114649686789213,,-1.7829315270537158,-11.725273699951172,0.9081976585161693,0.1695819241870949,,-1.821786147415045,-11.718349914550782,0.9142947697707098,0.1701612938637497,,-1.8148623620146545,9.574190698913299e-06,9.570903785061091e-06,9.591552043275442e-06,,,,0.0,0.0,0.0
1024,640000,dataset_roots/N_640000/h_0.0001,0.0001,joint_fourier,0,regime_h,h_0.0001,14336,889.7872871969594,True,-9.10528374,0.24457106,0.977433443,2.25430977e-05,0.10505663197618098,-9.14571381,0.246025398,0.97448808,2.28958761e-05,0.06462656197618166,-9.10920143,0.243809178,0.965315402,2.2627728e-05,0.10113894197618123,,,,,,,,,
1024,640000,dataset_roots/N_640000/h_0.0001,0.0001,joint_fourier,1,regime_h,h_0.0001,14336,864.1236310850363,True,-9.15044022,0.253506482,1.0332315,1.19222377e-05,0.059900151976181704,-9.18515968,0.25567317,1.03261876,1.31388661e-05,0.02518069197618189,-9.14928246,0.253462642,1.02370298,1.64507201e-05,0.0610579119761816,,,,,,,,,
1024,640000,dataset_roots/N_640000/h_0.0001,0.0001,joint_fourier,2,regime_h,h_0.0001,14336,849.4354599079816,True,-9.03701305,0.236786395,0.910047293,1.58908315e-05,0.17332732197618128,-9.06698895,0.2376609,0.904277384,1.60168893e-05,0.14335142197618111,-9.03109741,0.236509696,0.903151631,1.61439493e-05,0.1792429619761826,,,,,,,,,
1024,640000,dataset_roots/N_640000/h_0.0001,0.0001,joint_fourier,3,regime_h,h_0.0001,14336,885.6327840090962,True,-9.16072178,0.219650224,1.23939359,1.76070389e-05,0.04961859197618246,-9.17792988,0.220003724,1.2293191,1.77791753e-05,0.03241049197618118,-9.1618433,0.220507085,1.21540236,1.75507539e-05,0.04849707197618258,,,,,,,,,
1024,640000,dataset_roots/N_640000/h_0.0001,0.0001,joint_fourier,4,regime_h,h_0.0001,14336,883.6705000009388,True,-9.08370972,0.253765821,1.05824339,1.9271265e-05,0.12663065197618195,-9.11184788,0.255112797,1.05438292,2.04378357e-05,0.0984924919761827,-9.08124161,0.254192978,1.0474962,2.4247227e-05,0.12909876197618253,,,,,,,,,
1024,640000,dataset_roots/N_640000/h_0.0001,0.0001,joint_fourier,5,regime_h,h_0.0001,14336,837.9686480180826,True,-9.10691547,0.214976743,1.10353053,1.86183497e-05,0.10342490197618126,-9.13797569,0.215910882,1.10008621,1.89313087e-05,0.07236468197618251,-9.11800766,0.215164647,1.08902204,1.85999907e-05,0.09233271197618187,,,,,,,,,
1024,640000,dataset_roots/N_640000/h_0.0001,0.0001,joint_fourier,6,regime_h,h_0.0001,14336,836.3026523609878,True,-9.04236126,0.213744268,1.25529957,1.86512971e-05,0.16797911197618198,-9.07111263,0.212723732,1.25133336,1.87109436e-05,0.13922774197618182,-9.0441103,0.215882599,1.24544036,1.91243962e-05,0.166230071976182,,,,,,,,,
1024,640000,dataset_roots/N_640000/h_0.0001,0.0001,joint_fourier,7,regime_h,h_0.0001,14336,882.5854284199886,True,-9.10156059,0.212218925,1.16264462,1.08874638e-05,0.10877978197618177,-9.12878227,0.211788863,1.16083992,1.15028979e-05,0.08155810197618152,-9.11017513,0.212676331,1.14690614,1.32617433e-05,0.10016524197618182,,,,,,,,,
1024,640000,dataset_roots/N_640000/h_0.0001,0.0001,joint_fourier,8,regime_h,h_0.0001,14336,885.3559002039256,True,-9.06971836,0.257726222,1.0574255,1.84281271e-05,0.1406220119761823,-9.11019802,0.258120686,1.05479264,1.8733941e-05,0.10014235197618149,-9.08345413,0.255935788,1.04729259,1.89168477e-05,0.12688624197618203,,,,,,,,,
1024,640000,dataset_roots/N_640000/h_0.0001,0.0001,joint_fourier,9,regime_h,h_0.0001,14336,849.1466060549719,True,-9.14775848,0.200719506,1.12199533,1.66108439e-05,0.06258189197618158,-9.16928101,0.20190753,1.11789954,1.70103958e-05,0.04105936197618121,-9.15908527,0.200291827,1.11149704,1.6653159e-05,0.05125510197618155,,,,,,,,,
1024,640000,dataset_roots/N_640000/h_0.0001,0.0001,split_fourier,0,regime_h,h_0.0001,14336,4306.735536192078,True,-9.141082763671875,0.5908464193344116,0.8376919627189636,,0.06925760830430683,-9.17434310913086,0.5867764949798584,0.835379958152771,,0.03599726284532245,-9.14280891418457,0.5933852195739746,0.8284649848937988,,0.06753145779161152,3.1470233807340264e-05,3.171077696606517e-05,3.185107561876066e-05,,,,,,
1024,640000,dataset_roots/N_640000/h_0.0001,0.0001,split_fourier,1,regime_h,h_0.0001,14336,4717.068764820928,True,-9.143760681152344,0.5620564818382263,0.9946107864379883,,0.06657969082383808,-9.18126106262207,0.5606656670570374,0.9995819330215454,,0.029079309354111516,-9.148493766784668,0.5621797442436218,0.9804930090904236,,0.06184660519151386,2.758497248578351e-05,2.802899143716786e-05,2.7675467208609916e-05,,,,,,
1024,640000,dataset_roots/N_640000/h_0.0001,0.0001,split_fourier,2,regime_h,h_0.0001,14336,4788.858064966975,True,-9.091925621032715,0.6271660327911377,0.806830644607544,,0.11841475094346698,-9.108466148376465,0.6220926642417908,0.8049961924552917,,0.10187422359971698,-9.099154472351074,0.6216056942939758,0.7965256571769714,,0.11118589962510761,2.367706474615261e-05,2.3958718884387054e-05,2.3838249035179615e-05,,,,,,
1024,640000,dataset_roots/N_640000/h_0.0001,0.0001,split_fourier,3,regime_h,h_0.0001,14336,4467.869665107108,True,-9.129925727844238,0.5835534334182739,0.9335994720458984,,0.08041464413194355,-9.150481224060059,0.5783973932266235,0.9248635172843933,,0.059859147916123234,-9.144497871398926,0.5824892520904541,0.9194855093955994,,0.06584250057725605,2.4556646167184226e-05,2.4933646272984333e-05,2.469485843903385e-05,,,,,,
1024,640000,dataset_roots/N_640000/h_0.0001,0.0001,split_fourier,4,regime_h,h_0.0001,14336,4236.664695912972,True,-9.080753326416016,0.4709359109401703,0.8582402467727661,,0.1295870455601662,-9.109590530395508,0.47214046120643616,0.8522385358810425,,0.10074984158067402,-9.092228889465332,0.4728561341762543,0.8496719002723694,,0.1181114825108498,2.607932037790306e-05,2.8447968361433595e-05,3.0227874958654866e-05,,,,,,
1024,640000,dataset_roots/N_640000/h_0.0001,0.0001,split_fourier,5,regime_h,h_0.0001,14336,4588.321703258087,True,-9.13359260559082,0.545080840587616,0.9281532764434814,,0.07674776638536152,-9.168006896972656,0.5445379018783569,0.9281814098358154,,0.04233347500352558,-9.128704071044922,0.5472887754440308,0.9172050952911377,,0.08163630093125995,3.258997094235383e-05,3.293196277809329e-05,3.315461435704492e-05,,,,,,
1024,640000,dataset_roots/N_640000/h_0.0001,0.0001,split_fourier,6,regime_h,h_0.0001,14336,4583.312276529032,True,-9.11981201171875,0.5000513195991516,0.9518458843231201,,0.09052836025743183,-9.149153709411621,0.4950276017189026,0.9468152523040771,,0.061186662564560734,-9.120182991027832,0.5016621351242065,0.9469669461250305,,0.0901573809483498,3.415718674659729e-05,3.458623541519046e-05,3.426401235628873e-05,,,,,,
1024,640000,dataset_roots/N_640000/h_0.0001,0.0001,split_fourier,7,regime_h,h_0.0001,14336,4457.845543400967,True,-9.132502555847168,0.5357515811920166,0.9143927097320557,,0.07783781612901386,-9.165053367614746,0.5338384509086609,0.9139274954795837,,0.045287004361435734,-9.151159286499023,0.53360915184021,0.9061076045036316,,0.05918108547715839,1.8352051483816467e-05,2.549881173763424e-05,2.4296061383211054e-05,,,,,,
1024,640000,dataset_roots/N_640000/h_0.0001,0.0001,split_fourier,8,regime_h,h_0.0001,14336,4347.697315904894,True,-9.075262069702148,0.5315483808517456,0.9998820424079895,,0.1350783022740334,-9.101472854614258,0.5273932814598083,0.9963807463645935,,0.10886751736192402,-9.077106475830078,0.5319032073020935,0.9884240031242371,,0.1332338961461037,1.982602225325536e-05,1.987373070733156e-05,1.984054506465327e-05,,,,,,
1024,640000,dataset_roots/N_640000/h_0.0001,0.0001,split_fourier,9,regime_h,h_0.0001,14336,4419.392697637901,True,-9.178201675415039,0.4881468117237091,1.0208321809768677,,0.032138696561142766,-9.215081214904785,0.4885357618331909,1.0169250965118408,,-0.004740842928603328,-9.196276664733887,0.48918136954307556,1.010231852531433,,0.01406370724229511,2.05136548174778e-05,2.503985342627857e-05,2.1197056412347592e-05,,,,,,
1024,640000,dataset_roots/N_640000/h_0.0001,0.0001,arff,0,regime_h,h_0.0001,14336,993.5855384480674,True,-9.398392677307129,0.28436729311943054,0.08034422248601913,-0.15438975393772125,-0.18805230533094708,-9.435179710388184,0.28375479578971863,0.07807854562997818,-0.15076185762882233,-0.22483933841200177,-9.421246528625488,0.28318139910697937,0.08013582974672318,-0.15386557579040527,-0.21090615664930645,,,,0.46821874380111694,0.47419998049736023,0.4713999927043915,,,
1024,640000,dataset_roots/N_640000/h_0.0001,0.0001,arff,1,regime_h,h_0.0001,14336,978.5948743680492,True,-9.39551830291748,0.5316396951675415,0.08033352345228195,-0.13893365859985352,-0.18517793094129864,-9.436833381652832,0.5299900770187378,0.07801751792430878,-0.1393926441669464,-0.2264930096766502,-9.416234970092773,0.5278520584106445,0.07994867116212845,-0.1394694745540619,-0.2058945981165916,,,,0.47532030940055847,0.48649999499320984,0.4821999967098236,,,
1024,640000,dataset_roots/N_640000/h_0.0001,0.0001,arff,2,regime_h,h_0.0001,14336,984.6499109789729,True,-9.424626350402832,0.3024359941482544,0.07704807072877884,-0.11552523076534271,-0.2142859784266502,-9.447555541992188,0.30518969893455505,0.07464689761400223,-0.11438093334436417,-0.23721517001600567,-9.444999694824219,0.303145170211792,0.07641217857599258,-0.11473754793405533,-0.23465932284803692,,,,0.4848937392234802,0.48649999499320984,0.49079999327659607,,,
1024,640000,dataset_roots/N_640000/h_0.0001,0.0001,arff,3,regime_h,h_0.0001,14336,990.9368053600192,True,-9.369245529174805,0.2538151144981384,0.08082721382379532,-0.12594111263751984,-0.15890515719862286,-9.4067964553833,0.2535715401172638,0.07874076813459396,-0.1255962997674942,-0.19645608340711895,-9.401188850402832,0.25346264243125916,0.0802484005689621,-0.12591552734375,-0.1908484784266502,,,,0.4742390513420105,0.4802999794483185,0.47839999198913574,,,
1024,640000,dataset_roots/N_640000/h_0.0001,0.0001,arff,4,regime_h,h_0.0001,14336,989.9078192940215,True,-9.3943510055542,0.2695085406303406,0.08103861659765244,-0.12063244730234146,-0.1840106335780174,-9.422080039978027,0.2661985158920288,0.07892535626888275,-0.1200508326292038,-0.21173966800184552,-9.410283088684082,0.2692922055721283,0.08081325888633728,-0.11997642368078232,-0.1999427167079002,,,,0.4747999906539917,0.47519999742507935,0.4737999737262726,,,
1024,640000,dataset_roots/N_640000/h_0.0001,0.0001,arff,5,regime_h,h_0.0001,14336,986.3827672349289,True,-9.40087890625,0.2483377456665039,0.0800519585609436,-0.1259310245513916,-0.19053853427381817,-9.431347846984863,0.24631129205226898,0.07787825167179108,-0.1259240061044693,-0.22100747500868145,-9.417723655700684,0.24764232337474823,0.07941747456789017,-0.12457624822854996,-0.20738328372450177,,,,0.4799906015396118,0.48339998722076416,0.47759997844696045,,,
1024,640000,dataset_roots/N_640000/h_0.0001,0.0001,arff,6,regime_h,h_0.0001,14336,984.4276165009942,True,-9.3712158203125,1.1702897548675537,0.08020901679992676,-0.14717227220535278,-0.16087544833631817,-9.405418395996094,1.1801928281784058,0.07778260856866837,-0.1450565904378891,-0.19507802401991192,-9.39200210571289,1.1777600049972534,0.0797489807009697,-0.1476520299911499,-0.1816617337367088,,,,0.4821734130382538,0.49069997668266296,0.47939997911453247,,,
1024,640000,dataset_roots/N_640000/h_0.0001,0.0001,arff,7,regime_h,h_0.0001,14336,990.2972065779613,True,-9.388306617736816,0.2500164806842804,0.08092058449983597,-0.12271152436733246,-0.17796624576063458,-9.417113304138184,0.2480810284614563,0.0787619948387146,-0.12012305855751038,-0.20677293216200177,-9.402617454528809,0.2514040172100067,0.08041684329509735,-0.11988415569067001,-0.19227708255262677,,,,0.48961561918258667,0.49079999327659607,0.4860000014305115,,,
1024,640000,dataset_roots/N_640000/h_0.0001,0.0001,arff,8,regime_h,h_0.0001,14336,990.5879129199311,True,-9.400489807128906,0.7384485602378845,0.08053327351808548,-0.12493574619293213,-0.19014943515272442,-9.430065155029297,0.7467645406723022,0.07839369028806686,-0.12439092248678207,-0.21972478305311505,-9.423246383666992,0.7335631251335144,0.08031173050403595,-0.12416628003120422,-0.21290601169081036,,,,0.4915124773979187,0.4926999807357788,0.4885999858379364,,,
1024,640000,dataset_roots/N_640000/h_0.0001,0.0001,arff,9,regime_h,h_0.0001,14336,988.3168009080691,True,-9.357461929321289,0.7151910066604614,0.08058744668960571,-0.12033957242965698,-0.14712155734510723,-9.395971298217773,0.7245622277259827,0.07850918918848038,-0.11948703229427338,-0.1856309262415916,-9.376752853393555,0.7157655954360962,0.08011193573474884,-0.12013968080282211,-0.16641248141737286,,,,0.47267967462539673,0.4779999852180481,0.47279998660087585,,,
1024,640000,dataset_roots/N_640000/h_0.0001,0.0001,joint_mlp,0,regime_h,h_0.0001,14180,957.6212346040411,True,-10.955739,0.0602368042,0.325762987,9.12961059e-06,-1.7453986280238176,-10.9925318,0.0602941103,0.327331036,9.15797045e-06,-1.7821914280238182,-10.9921246,0.0599960573,0.333430022,9.16288081e-06,-1.7817842280238185,,,,,,,,,
1024,640000,dataset_roots/N_640000/h_0.0001,0.0001,joint_mlp,1,regime_h,h_0.0001,14180,965.0384103769902,True,-10.979208,0.0564092509,0.31944412,1.19090009e-05,-1.768867628023818,-11.0079403,0.0564837456,0.311045051,1.19670403e-05,-1.7975999280238177,-11.0175352,0.0561452396,0.325377941,1.1927229e-05,-1.8071948280238175,,,,,,,,,
1024,640000,dataset_roots/N_640000/h_0.0001,0.0001,joint_mlp,2,regime_h,h_0.0001,14180,990.0887323420029,True,-10.9909649,0.0596738718,0.297993034,1.31546758e-05,-1.780624528023818,-11.0244665,0.0596139766,0.282307178,1.31734696e-05,-1.814126128023819,-11.0251102,0.0593468659,0.30650726,1.3195815e-05,-1.8147698280238185,,,,,,,,,
1024,640000,dataset_roots/N_640000/h_0.0001,0.0001,joint_mlp,3,regime_h,h_0.0001,14180,1052.4665805760305,True,-11.018013,0.0456337966,0.252661377,1.20879331e-05,-1.807672628023818,-11.0454416,0.0456463806,0.243237719,1.21148651e-05,-1.8351012280238184,-11.0471306,0.0454335436,0.258643597,1.21240473e-05,-1.8367902280238173,,,,,,,,,
1024,640000,dataset_roots/N_640000/h_0.0001,0.0001,joint_mlp,4,regime_h,h_0.0001,14180,950.78314477799,True,-10.9512253,0.0565796904,0.251052558,1.12863454e-05,-1.740884928023819,-10.9892359,0.0565770864,0.250517845,1.1361225e-05,-1.7788955280238188,-10.9784899,0.0564158149,0.251661152,1.13992355e-05,-1.7681495280238178,,,,,,,,,
1024,640000,dataset_roots/N_640000/h_0.0001,0.0001,joint_mlp,5,regime_h,h_0.0001,14180,999.5473174040671,True,-10.9302483,0.0588555224,0.267632216,1.14571121e-05,-1.7199079280238188,-10.9736795,0.0589767769,0.263102233,1.16733663e-05,-1.7633391280238175,-10.9597092,0.0584812015,0.2701796,1.15684343e-05,-1.7493688280238189,,,,,,,,,
1024,640000,dataset_roots/N_640000/h_0.0001,0.0001,joint_mlp,6,regime_h,h_0.0001,14180,977.8665959800128,True,-10.9791136,0.0869256109,0.198928937,1.3626598e-05,-1.768773228023818,-11.0079823,0.0870559812,0.19731459,1.36025064e-05,-1.7976419280238183,-11.0062027,0.0863081962,0.199320704,1.36286126e-05,-1.7958623280238175,,,,,,,,,
1024,640000,dataset_roots/N_640000/h_0.0001,0.0001,joint_mlp,7,regime_h,h_0.0001,14180,965.1496501018992,True,-10.9410095,0.0788964182,0.200077564,1.02396689e-05,-1.730669128023818,-10.9823294,0.0789766386,0.201356679,1.02576114e-05,-1.7719890280238175,-10.9776812,0.0782829747,0.199260086,1.02627782e-05,-1.7673408280238174,,,,,,,,,
1024,640000,dataset_roots/N_640000/h_0.0001,0.0001,joint_mlp,8,regime_h,h_0.0001,14180,968.7401393860346,True,-10.9621525,0.0532960892,0.183331266,1.15022476e-05,-1.7518121280238184,-10.9927683,0.0535338297,0.185418457,1.15713719e-05,-1.782427928023818,-11.0045938,0.0528488867,0.181623042,1.15657167e-05,-1.7942534280238185,,,,,,,,,
1024,640000,dataset_roots/N_640000/h_0.0001,0.0001,joint_mlp,9,regime_h,h_0.0001,14180,978.4541416990105,True,-10.9536514,0.0603048615,0.265615106,1.31306551e-05,-1.7433110280238182,-10.9845905,0.0602036715,0.260030985,1.32079986e-05,-1.7742501280238177,-10.9889431,0.0602956526,0.265516996,1.3176058e-05,-1.7786027280238184,,,,,,,,,
1024,640000,dataset_roots/N_640000/h_0.0001,0.0001,split_mlp,0,regime_h,h_0.0001,14180,5074.432566803996,True,-10.803291383361817,0.5089432903858914,0.17533944667584464,,-1.5929510113856349,-10.833775981140137,0.5112923807363445,0.17877499269531283,,-1.6234356091639555,-10.830074560546874,0.5092794556606245,0.1843787383651347,,-1.6197341885706926,2.6909181542578153e-05,2.6965350116370246e-05,2.695818511710968e-05,,,,0.0,0.0,0.0
1024,640000,dataset_roots/N_640000/h_0.0001,0.0001,split_mlp,1,regime_h,h_0.0001,14180,4826.75758781808,True,-10.808383032226562,0.3360969589467824,0.19581368523905163,,-1.59804266025038,-10.837513581848144,0.3365515013913484,0.1940915827262129,,-1.6271732098719625,-10.832870613098144,0.337218976190332,0.19607586680219866,,-1.6225302411219626,1.9469825929263607e-05,1.95496959349839e-05,1.951802369148936e-05,,,,0.0,0.0,0.0
1024,640000,dataset_roots/N_640000/h_0.0001,0.0001,split_mlp,2,regime_h,h_0.0001,14180,4740.180326152011,True,-10.845523880004883,0.3576242054502037,0.2301646776322004,,-1.6351835080287014,-10.882375221252442,0.3576726094462133,0.22909595935203467,,-1.67203484927626,-10.87822785949707,0.35892929693716724,0.2432388113616284,,-1.667887487520888,2.1437930627143942e-05,2.1492740415851586e-05,2.161168958991766e-05,,,,0.0,0.0,0.0
1024,640000,dataset_roots/N_640000/h_0.0001,0.0001,split_mlp,3,regime_h,h_0.0001,14180,4798.399631968932,True,-10.769908236694336,0.5268041129160641,0.2574942945040344,,-1.5595678647181543,-10.812686642456054,0.5220582976673926,0.2473713687859792,,-1.602346270479872,-10.788352362060547,0.5331585929535543,0.2679262721144904,,-1.5780119900843648,2.726277853071224e-05,2.7384974600863643e-05,2.732783104875125e-05,,,,0.0,0.0,0.0
1024,640000,dataset_roots/N_640000/h_0.0001,0.0001,split_mlp,4,regime_h,h_0.0001,14180,4792.432424045051,True,-10.75715170288086,0.487502463548942,0.1984378292740337,,-1.5468113309046778,-10.795083779907227,0.48750665426748696,0.19250898710228548,,-1.584743407931045,-10.785033581542969,0.49052297216624735,0.20979285540891965,,-1.574693209566787,2.7991418392048217e-05,2.801369373628404e-05,2.8413058316800743e-05,,,,0.0,0.0,0.0
1024,640000,dataset_roots/N_640000/h_0.0001,0.0001,split_mlp,5,regime_h,h_0.0001,14180,4794.773949704948,True,-10.886577809143066,0.2512566295371486,0.16220057594071768,,-1.6762374371668844,-10.919930111694336,0.25257348777843897,0.16111867610334016,,-1.7095897397181545,-10.914151943969726,0.25207809533925035,0.16165580440256722,,-1.703811571993544,2.811399826896377e-05,2.816610322042834e-05,2.817133645294234e-05,,,,0.0,0.0,0.0
1024,640000,dataset_roots/N_640000/h_0.0001,0.0001,split_mlp,6,regime_h,h_0.0001,14180,4792.113406813005,True,-10.794794662475585,0.49013452389449913,0.22642038795245092,,-1.5844542904994032,-10.82478439025879,0.48907166068384034,0.20621150056723403,,-1.614444018282608,-10.819023582458495,0.49399559970252466,0.23600785385976591,,-1.6086832104823134,2.2133104721433483e-05,2.254310493299272e-05,2.3481372409150936e-05,,,,0.0,0.0,0.0
1024,640000,dataset_roots/N_640000/h_0.0001,0.0001,split_mlp,7,regime_h,h_0.0001,14180,4708.682201946038,True,-10.81633673400879,0.3807676825242196,0.17995664928332203,,-1.6059963620326076,-10.860577879333496,0.38296920754114216,0.1784016049576124,,-1.6502375073573141,-10.85044602508545,0.37867731630093904,0.18001489593429312,,-1.6401056531092681,2.7463162041385658e-05,2.754553861450404e-05,2.7478617994347587e-05,,,,0.0,0.0,0.0
1024,640000,dataset_roots/N_640000/h_0.0001,0.0001,split_mlp,8,regime_h,h_0.0001,14180,4898.558328520972,True,-10.77827981109619,0.4368483760643019,0.2151295257183139,,-1.5679394391200088,-10.810536755371094,0.4356543465707424,0.2088150252831965,,-1.6001963833949127,-10.814112916564941,0.4398146358157826,0.2242742164532596,,-1.6037725445887592,2.518377914384473e-05,2.5246305085602216e-05,2.5233874112018384e-05,,,,0.0,0.0,0.0
1024,640000,dataset_roots/N_640000/h_0.0001,0.0001,split_mlp,9,regime_h,h_0.0001,14180,4811.36058673705,True,-10.853681558227539,0.25838134317290384,0.18723115250236774,,-1.643341186251357,-10.884733267211914,0.25870296630772244,0.18513146671734135,,-1.6743928952357319,-10.88084486541748,0.25858199574375684,0.18684168403556262,,-1.6705044934412978,2.2761714717489667e-05,2.2813643226982094e-05,2.288391988258809e-05,,,,0.0,0.0,0.0
1024,640000,dataset_roots/N_640000/h_0.0002,0.0002,joint_fourier,0,regime_h,h_0.0002,14336,866.2342915849295,True,-8.40946388,0.154951051,0.871847153,3.07892733e-05,0.10772931141623765,-8.42246532,0.152389959,0.870391965,3.08769268e-05,0.09472787141623762,-8.39718723,0.155639917,0.861470819,3.10493924e-05,0.1200059614162381,,,,,,,,,
1024,640000,dataset_roots/N_640000/h_0.0002,0.0002,joint_fourier,1,regime_h,h_0.0002,14336,847.8263300019316,True,-8.38329792,0.220569223,0.992579758,1.78781975e-05,0.1338952714162378,-8.37679958,0.221682802,0.994905651,1.91552772e-05,0.14039361141623807,-8.38594151,0.220180377,0.979223609,2.27157834e-05,0.1312516814162379,,,,,,,,,
1024,640000,dataset_roots/N_640000/h_0.0002,0.0002,joint_fourier,2,regime_h,h_0.0002,14336,844.4048190489411,True,-8.32080269,0.218190089,0.775582373,3.2790238e-05,0.19639050141623748,-8.32301903,0.218960732,0.771432638,3.28920141e-05,0.1941741614162389,-8.32196617,0.216594517,0.767785668,3.27746784e-05,0.1952270214162386,,,,,,,,,
1024,640000,dataset_roots/N_640000/h_0.0002,0.0002,joint_fourier,3,regime_h,h_0.0002,14336,831.6429712249665,True,-8.4139595,0.168873847,0.971702814,2.80088334e-05,0.1032336914162375,-8.41740894,0.169310957,0.964141667,2.84501166e-05,0.09978425141623859,-8.398983,0.169885531,0.954111338,2.82032488e-05,0.11821019141623879,,,,,,,,,
1024,640000,dataset_roots/N_640000/h_0.0002,0.0002,joint_fourier,4,regime_h,h_0.0002,14336,845.8384048249573,True,-8.32299328,0.234071553,0.921808422,1.77730599e-05,0.19419991141623782,-8.32035351,0.232970208,0.918168068,1.8863575e-05,0.19683968141623787,-8.31144238,0.234543383,0.911685348,2.22239578e-05,0.2057508114162374,,,,,,,,,
1024,640000,dataset_roots/N_640000/h_0.0002,0.0002,joint_fourier,5,regime_h,h_0.0002,14336,843.9797654199647,True,-8.35898685,0.199796826,0.949479163,1.96665278e-05,0.15820634141623735,-8.36381817,0.198255807,0.948607326,1.97281479e-05,0.15337502141623816,-8.35509586,0.201953873,0.938062072,2.11568149e-05,0.16209733141623772,,,,,,,,,
1024,640000,dataset_roots/N_640000/h_0.0002,0.0002,joint_fourier,6,regime_h,h_0.0002,14336,843.3067331190687,True,-8.30759621,0.20545505,1.08729386,2.29028938e-05,0.2095969814162384,-8.30493259,0.20473507,1.0838604,2.30828973e-05,0.21226060141623826,-8.30768776,0.207421139,1.07805181,2.31560498e-05,0.2095054314162379,,,,,,,,,
1024,640000,dataset_roots/N_640000/h_0.0002,0.0002,joint_fourier,7,regime_h,h_0.0002,14336,841.8826286119875,True,-8.3967886,0.165409625,0.981565058,1.63715195e-05,0.1204045914162375,-8.39879227,0.162387505,0.981579363,1.72358468e-05,0.1184009214162387,-8.4131031,0.164981514,0.971850634,1.81224405e-05,0.10409009141623748,,,,,,,,,
1024,640000,dataset_roots/N_640000/h_0.0002,0.0002,joint_fourier,8,regime_h,h_0.0002,14336,852.6994140549796,True,-8.32870007,0.267326176,0.974172354,2.97224542e-05,0.1884931214162382,-8.32975769,0.266002089,0.971059144,2.99607764e-05,0.187435501416239,-8.32467842,0.266785562,0.963923573,2.99102776e-05,0.19251477141623852,,,,,,,,,
1024,640000,dataset_roots/N_640000/h_0.0002,0.0002,joint_fourier,9,regime_h,h_0.0002,14336,851.8298874230823,True,-8.37712288,0.211155266,1.01749349,1.05373065e-05,0.14007031141623827,-8.38210011,0.211813211,1.01467931,1.1717807e-05,0.13509308141623855,-8.37953281,0.210471526,1.00680268,1.34845441e-05,0.1376603814162376,,,,,,,,,
1024,640000,dataset_roots/N_640000/h_0.0002,0.0002,split_fourier,0,regime_h,h_0.0002,14336,4385.378525152919,True,-8.348361015319824,0.6107500791549683,0.7759370803833008,,0.168832176096414,-8.357574462890625,0.6102761626243591,0.7760332822799683,,0.1596187285256132,-8.347552299499512,0.6107572317123413,0.7679161429405212,,0.1696408919167265,4.460343552636914e-05,4.51940722996369e-05,4.5005119318375364e-05,,,,,,
1024,640000,dataset_roots/N_640000/h_0.0002,0.0002,split_fourier,1,regime_h,h_0.0002,14336,4306.252622770029,True,-8.361005783081055,0.559461772441864,0.953687846660614,,0.15618740833518352,-8.37324333190918,0.5578284859657288,0.9546771049499512,,0.14394985950705852,-8.371301651000977,0.5581312775611877,0.9399418830871582,,0.14589154041526164,3.139413456665352e-05,3.3208434615517035e-05,3.41572958859615e-05,,,,,,
1024,640000,dataset_roots/N_640000/h_0.0002,0.0002,split_fourier,2,regime_h,h_0.0002,14336,4379.504700658028,True,-8.309998512268066,0.7024325132369995,0.7456438541412354,,0.2071946791481718,-8.326247215270996,0.7025816440582275,0.7455612421035767,,0.1909459761452421,-8.331177711486816,0.7040624022483826,0.7345778942108154,,0.1860154799294218,3.498644582577981e-05,3.7269735912559554e-05,4.250970596331172e-05,,,,,,
1024,640000,dataset_roots/N_640000/h_0.0002,0.0002,split_fourier,3,regime_h,h_0.0002,14336,4357.853728262009,True,-8.365760803222656,0.5522501468658447,0.752906322479248,,0.15143238819358196,-8.36872673034668,0.5503141283988953,0.7459741234779358,,0.14846646106955852,-8.363924980163574,0.5553228259086609,0.7485843300819397,,0.153268211252664,4.5369066356215626e-05,4.487027763389051e-05,5.225588029134087e-05,,,,,,
1024,640000,dataset_roots/N_640000/h_0.0002,0.0002,split_fourier,4,regime_h,h_0.0002,14336,4269.82506382803,True,-8.314518928527832,0.5722925662994385,0.7176400423049927,,0.20267426288840618,-8.314497947692871,0.5661830306053162,0.7134532928466797,,0.2026952437233671,-8.319348335266113,0.57532799243927,0.709709882736206,,0.19784485615012493,2.9612154321512207e-05,3.23423337249551e-05,3.439216015976854e-05,,,,,,
1024,640000,dataset_roots/N_640000/h_0.0002,0.0002,split_fourier,5,regime_h,h_0.0002,14336,4338.33092671691,True,-8.3419189453125,0.5991191864013672,0.8396039605140686,,0.1752742461037382,-8.35446548461914,0.6010525226593018,0.8388356566429138,,0.16272770679709758,-8.334643363952637,0.5977748036384583,0.8293150067329407,,0.1825498274636015,3.50369700754527e-05,3.482587999315001e-05,3.5901288356399164e-05,,,,,,
1024,640000,dataset_roots/N_640000/h_0.0002,0.0002,split_fourier,6,regime_h,h_0.0002,14336,4413.282778010005,True,-8.330506324768066,0.5594427585601807,0.8551350235939026,,0.1866868666481718,-8.336864471435547,0.5540719628334045,0.8526445627212524,,0.18032871998069133,-8.346623420715332,0.5642057061195374,0.8513005971908569,,0.17056977070090618,4.286193143343553e-05,4.3858068238478154e-05,4.311459997552447e-05,,,,,,
1024,640000,dataset_roots/N_640000/h_0.0002,0.0002,split_fourier,7,regime_h,h_0.0002,14336,4458.193187038996,True,-8.372332572937012,0.5830223560333252,0.8496455550193787,,0.1448606184792265,-8.380562782287598,0.578336238861084,0.8505302667617798,,0.13663040912864055,-8.390128135681152,0.5886664986610413,0.8417844176292419,,0.12706505573508586,2.4090915758279152e-05,3.3365686249453574e-05,3.0438288376899436e-05,,,,,,
1024,640000,dataset_roots/N_640000/h_0.0002,0.0002,split_fourier,8,regime_h,h_0.0002,14336,4280.634744168958,True,-8.336891174316406,0.6315159797668457,0.8523514270782471,,0.18030201709983196,-8.347923278808594,0.6254484057426453,0.8479786515235901,,0.16926991260764446,-8.3433198928833,0.6323887705802917,0.843553900718689,,0.17387329853293743,4.355494456831366e-05,4.406465814099647e-05,4.430424451129511e-05,,,,,,
1024,640000,dataset_roots/N_640000/h_0.0002,0.0002,split_fourier,9,regime_h,h_0.0002,14336,4323.624369777972,True,-8.385926246643066,0.6931101679801941,0.9224656820297241,,0.1312669447731718,-8.394176483154297,0.6892869472503662,0.9210852980613708,,0.12301670826194133,-8.393529891967773,0.6976671814918518,0.9132542610168457,,0.12366329944846477,3.28787173202727e-05,3.322754491819069e-05,3.301317701698281e-05,,,,,,
1024,640000,dataset_roots/N_640000/h_0.0002,0.0002,arff,0,regime_h,h_0.0002,14336,987.7681982240174,True,-8.624102592468262,0.3892364501953125,0.07976241409778595,-0.12812858819961548,-0.10690940105202351,-8.642443656921387,0.3834303617477417,0.07770900428295135,-0.12690256536006927,-0.1252504655051485,-8.62734317779541,0.38831377029418945,0.07951793074607849,-0.1281774640083313,-0.11014998637917195,,,,0.4665031135082245,0.4684999883174896,0.4617999792098999,,,
1024,640000,dataset_roots/N_640000/h_0.0002,0.0002,arff,1,regime_h,h_0.0002,14336,981.8149154220009,True,-8.628911972045898,0.3797052204608917,0.08212824165821075,-0.1295316368341446,-0.11171878062966023,-8.63790512084961,0.37590891122817993,0.0800534337759018,-0.12812583148479462,-0.12071192943337117,-8.64838981628418,0.37908148765563965,0.08176936209201813,-0.12757599353790283,-0.13119662486794148,,,,0.47942185401916504,0.484499990940094,0.48019999265670776,,,
1024,640000,dataset_roots/N_640000/h_0.0002,0.0002,arff,2,regime_h,h_0.0002,14336,985.4966647709953,True,-8.68405818939209,0.3396543264389038,0.0798008069396019,-0.13284669816493988,-0.16686499797585164,-8.686887741088867,0.33687835931777954,0.07765453308820724,-0.12601761519908905,-0.16969454967262898,-8.694649696350098,0.3412568271160126,0.07938320189714432,-0.1251140683889389,-0.17745650493385945,,,,0.47477343678474426,0.4788999855518341,0.47200000286102295,,,
1024,640000,dataset_roots/N_640000/h_0.0002,0.0002,arff,3,regime_h,h_0.0002,14336,992.4476615190506,True,-8.694062232971191,0.25999724864959717,0.0810084193944931,-0.13491521775722504,-0.1768690415549532,-8.708211898803711,0.25800883769989014,0.07897227257490158,-0.13486012816429138,-0.19101870738747273,-8.714883804321289,0.2603735327720642,0.08044915646314621,-0.13350854814052582,-0.19769061290505086,,,,0.4768093526363373,0.4869999885559082,0.48240000009536743,,,
1024,640000,dataset_roots/N_640000/h_0.0002,0.0002,arff,4,regime_h,h_0.0002,14336,988.6560347720515,True,-8.697640419006348,0.29296550154685974,0.0782729834318161,-0.13479454815387726,-0.18044722759010945,-8.719622611999512,0.28909870982170105,0.07611797004938126,-0.13487286865711212,-0.2024294205832735,-8.702127456665039,0.29323610663414,0.07776258885860443,-0.1327572613954544,-0.18493426524880086,,,,0.4735437333583832,0.47689998149871826,0.46539998054504395,,,
1024,640000,dataset_roots/N_640000/h_0.0002,0.0002,arff,5,regime_h,h_0.0002,14336,985.3994075410301,True,-8.671586036682129,0.323525071144104,0.08002912998199463,-0.12874387204647064,-0.1543928452658907,-8.669816970825195,0.3196752965450287,0.07777896523475647,-0.12898603081703186,-0.1526237794089571,-8.695965766906738,0.32291901111602783,0.07963509112596512,-0.12762199342250824,-0.17877257549050007,,,,0.47913748025894165,0.47919997572898865,0.48809999227523804,,,
1024,640000,dataset_roots/N_640000/h_0.0002,0.0002,arff,6,regime_h,h_0.0002,14336,985.4277489068918,True,-8.684715270996094,0.6791165471076965,0.07765381038188934,-0.1507308930158615,-0.16752207957985554,-8.702263832092285,0.6821933388710022,0.07522494345903397,-0.1401357799768448,-0.18507064067604695,-8.696059226989746,0.6767494678497314,0.07732588797807693,-0.14699195325374603,-0.1788660355735079,,,,0.4795796871185303,0.48169997334480286,0.47369998693466187,,,
1024,640000,dataset_roots/N_640000/h_0.0002,0.0002,arff,7,regime_h,h_0.0002,14336,990.3681363590294,True,-8.65220832824707,0.2537950277328491,0.08083444088697433,-0.13155139982700348,-0.1350151368308321,-8.663415908813477,0.25183233618736267,0.07887223362922668,-0.12169655412435532,-0.14622271739723836,-8.674346923828125,0.25418776273727417,0.08047488331794739,-0.12971735000610352,-0.1571537324118868,,,,0.4746890366077423,0.4747999906539917,0.47599998116493225,,,
1024,640000,dataset_roots/N_640000/h_0.0002,0.0002,arff,8,regime_h,h_0.0002,14336,988.3275034630205,True,-8.684791564941406,0.26387956738471985,0.0797075629234314,-0.11735781282186508,-0.16759837352516804,-8.681408882141113,0.26128944754600525,0.07754679769277573,-0.11723162978887558,-0.16421569072487507,-8.696712493896484,0.26420867443084717,0.07923822849988937,-0.1169617772102356,-0.17951930248024617,,,,0.47412654757499695,0.4721999764442444,0.4705999791622162,,,
1024,640000,dataset_roots/N_640000/h_0.0002,0.0002,arff,9,regime_h,h_0.0002,14336,1009.8451186129823,True,-8.646991729736328,0.2442452758550644,0.08069781959056854,-0.11022371798753738,-0.12979853832008992,-8.665900230407715,0.24244312942028046,0.07862772047519684,-0.10872110724449158,-0.14870703899147664,-8.660874366760254,0.24453072249889374,0.08036195486783981,-0.10914236307144165,-0.1436811753440157,,,,0.480426549911499,0.4900999963283539,0.47110000252723694,,,
1024,640000,dataset_roots/N_640000/h_0.0002,0.0002,joint_mlp,0,regime_h,h_0.0002,14180,1046.6072511440143,True,-10.0228767,0.0602071248,0.219357029,1.69130253e-05,-1.5056835085837612,-10.0621033,0.060484767,0.219966233,1.72505115e-05,-1.5449101085837622,-10.0447407,0.0598981455,0.223405555,1.69495142e-05,-1.527547508583762,,,,,,,,,
1024,640000,dataset_roots/N_640000/h_0.0002,0.0002,joint_mlp,1,regime_h,h_0.0002,14180,972.1962054549949,True,-10.0505886,0.0530230328,0.212210447,1.54438803e-05,-1.533395408583761,-10.0827408,0.0531321913,0.213587001,1.55141224e-05,-1.5655476085837616,-10.0713291,0.0528593324,0.211051449,1.55571324e-05,-1.5541359085837616,,,,,,,,,
1024,640000,dataset_roots/N_640000/h_0.0002,0.0002,joint_mlp,2,regime_h,h_0.0002,14180,997.393177012098,True,-10.0247383,0.0605757758,0.247376606,1.29933933e-05,-1.507545108583761,-10.0730562,0.0607191026,0.236526713,1.31994184e-05,-1.5558630085837617,-10.048789,0.0602910481,0.246970758,1.32517816e-05,-1.531595808583761,,,,,,,,,
1024,640000,dataset_roots/N_640000/h_0.0002,0.0002,joint_mlp,3,regime_h,h_0.0002,14180,998.0113082800526,True,-10.044384,0.053317003,0.211977795,1.47854316e-05,-1.5271908085837627,-10.09167,0.053310141,0.211716339,1.48353538e-05,-1.5744768085837624,-10.070508,0.0531211235,0.210145101,1.49256948e-05,-1.553314808583762,,,,,,,,,
1024,640000,dataset_roots/N_640000/h_0.0002,0.0002,joint_mlp,4,regime_h,h_0.0002,14180,1045.8789452940691,True,-10.0224237,0.0557905883,0.233515769,1.28753418e-05,-1.505230508583761,-10.0623312,0.0557888746,0.228308991,1.2993868e-05,-1.545138008583761,-10.0412111,0.0557651408,0.232348666,1.30306844e-05,-1.5240179085837617,,,,,,,,,
1024,640000,dataset_roots/N_640000/h_0.0002,0.0002,joint_mlp,5,regime_h,h_0.0002,14180,978.6708875729237,True,-10.0239182,0.0575720072,0.187929407,1.57251197e-05,-1.5067250085837625,-10.0701418,0.0576711819,0.187524095,1.58027906e-05,-1.5529486085837618,-10.0523434,0.0573813356,0.191220641,1.57648592e-05,-1.5351502085837616,,,,,,,,,
1024,640000,dataset_roots/N_640000/h_0.0002,0.0002,joint_mlp,6,regime_h,h_0.0002,14180,1018.0533924120246,True,-10.0099783,0.0603175908,0.217795342,1.05452318e-05,-1.492785108583762,-10.0526838,0.0604442619,0.211400464,1.07408932e-05,-1.5354906085837623,-10.0379858,0.0600103252,0.226780698,1.06667612e-05,-1.5207926085837613,,,,,,,,,
1024,640000,dataset_roots/N_640000/h_0.0002,0.0002,joint_mlp,7,regime_h,h_0.0002,14180,986.5288766459562,True,-10.0074167,0.0584390052,0.232244864,1.20500381e-05,-1.490223508583762,-10.0657215,0.0584981628,0.230990082,1.21376215e-05,-1.5485283085837622,-10.0284424,0.0581554994,0.234456897,1.20816712e-05,-1.5112492085837612,,,,,,,,,
1024,640000,dataset_roots/N_640000/h_0.0002,0.0002,joint_mlp,8,regime_h,h_0.0002,14180,1025.9640508049633,True,-10.0170231,0.0519995466,0.221709117,1.30989665e-05,-1.4998299085837612,-10.0684109,0.052066762,0.222752973,1.38278365e-05,-1.5512177085837617,-10.0408592,0.0517818518,0.221069291,1.3496262e-05,-1.5236660085837617,,,,,,,,,
1024,640000,dataset_roots/N_640000/h_0.0002,0.0002,joint_mlp,9,regime_h,h_0.0002,14180,977.2545785350958,True,-10.0515509,0.0772361234,0.197796911,1.18829939e-05,-1.5343577085837623,-10.0876045,0.0773744509,0.201385036,1.20854938e-05,-1.5704113085837612,-10.0794744,0.0765392631,0.196307763,1.20511686e-05,-1.5622812085837623,,,,,,,,,
1024,640000,dataset_roots/N_640000/h_0.0002,0.0002,split_mlp,0,regime_h,h_0.0002,14180,5030.983452355955,True,-9.842184481811524,0.39313713685765406,0.14406696369152983,,-1.3249912903952854,-9.88636641998291,0.39097787581733673,0.14429296047176726,,-1.3691732285666713,-9.869234606933594,0.39764403221613653,0.14672479398679011,,-1.3520414155173555,2.239333844045177e-05,2.250986290164292e-05,2.2551712390850298e-05,,,,0.0,0.0,0.0
1024,640000,dataset_roots/N_640000/h_0.0002,0.0002,split_mlp,1,regime_h,h_0.0002,14180,4856.946254975046,True,-9.837972882080079,0.42703681494893897,0.1622806417768163,,-1.3207796906638407,-9.88604459991455,0.4279660905532464,0.16095291671694642,,-1.3688514084983119,-9.864379089355468,0.4303032340155305,0.16726909197161374,,-1.3471858979392302,4.231969433021732e-05,4.244973752065562e-05,4.266970427124761e-05,,,,0.0,0.0,0.0
1024,640000,dataset_roots/N_640000/h_0.0002,0.0002,split_mlp,2,regime_h,h_0.0002,14180,5060.008976486977,True,-9.906384881591796,0.3083272337714805,0.15272128896371778,,-1.3891916901755579,-9.947867889404296,0.30862470903799255,0.15095790581046323,,-1.4306746979880582,-9.910181329345702,0.3098288591628359,0.15549912005686783,,-1.3929881379294642,3.3169995731441304e-05,3.3313386666122824e-05,3.329455648781732e-05,,,,0.0,0.0,0.0
1024,640000,dataset_roots/N_640000/h_0.0002,0.0002,split_mlp,3,regime_h,h_0.0002,14180,4805.277547052945,True,-9.897572061157227,0.3841565504310872,0.1659002080730353,,-1.380378869740989,-9.939918280029296,0.38289162281674977,0.15919085840936892,,-1.422725088613058,-9.926872190856933,0.38598098341267123,0.17168961441101424,,-1.409678999440695,2.7448859327705577e-05,2.7523641620064154e-05,2.7529809813131578e-05,,,,0.0,0.0,0.0
1024,640000,dataset_roots/N_640000/h_0.0002,0.0002,split_mlp,4,regime_h,h_0.0002,14180,4880.272171937977,True,-9.869163502502442,0.45554003713716545,0.1647148051385506,,-1.3519703110862036,-9.91358451538086,0.455226402810429,0.16405722854243227,,-1.3963913239646217,-9.889561015319824,0.4590144074103438,0.16643304143198434,,-1.372367823903586,2.3583419533679262e-05,2.3658978534513153e-05,2.3755392248858698e-05,,,,0.0,0.0,0.0
1024,640000,dataset_roots/N_640000/h_0.0002,0.0002,split_mlp,5,regime_h,h_0.0002,14180,4981.490541672916,True,-9.767278016662598,0.567977750808477,0.1518804466246876,,-1.2500848252463594,-9.800229481506348,0.5666844469716026,0.15080120555556095,,-1.2830362900901093,-9.794936547851563,0.571655404591949,0.1532798277410531,,-1.2777433564353249,3.486294372123666e-05,3.498862133710645e-05,3.513760748319328e-05,,,,0.0,0.0,0.0
1024,640000,dataset_roots/N_640000/h_0.0002,0.0002,split_mlp,6,regime_h,h_0.0002,14180,5172.932318122941,True,-9.828504837036133,0.39156981452900713,0.16607180005659355,,-1.3113116456198952,-9.878349549865723,0.39065329291122747,0.15737518963600533,,-1.3611563584494846,-9.851757684326172,0.39196746359212814,0.17691258517734995,,-1.3345644929099336,3.99535201722756e-05,3.999094042228535e-05,3.9995873521547765e-05,,,,0.0,0.0,0.0
1024,640000,dataset_roots/N_640000/h_0.0002,0.0002,split_mlp,7,regime_h,h_0.0002,14180,4754.5947642889805,True,-9.735057472229004,0.6411589898674963,0.15439196199668093,,-1.2178642808127655,-9.782186727905273,0.643481574533279,0.15302029595021363,,-1.264993536489035,-9.753527056884765,0.6434530422100405,0.15357704472307496,,-1.2363338654685272,1.9814237020909786e-05,1.996167156903539e-05,1.9913304640795104e-05,,,,0.0,0.0,0.0
1024,640000,dataset_roots/N_640000/h_0.0002,0.0002,split_mlp,8,regime_h,h_0.0002,14180,4900.583279057988,True,-9.89464041442871,0.3627018070453433,0.24866853696439442,,-1.3774472230124726,-9.93617349395752,0.36144028677518686,0.24271551556538454,,-1.4189803025412822,-9.92146428527832,0.3635931828912552,0.26127509367509477,,-1.4042710938620822,2.1795753127662465e-05,2.188468170061242e-05,2.201254574174527e-05,,,,0.0,0.0,0.0
1024,640000,dataset_roots/N_640000/h_0.0002,0.0002,split_mlp,9,regime_h,h_0.0002,14180,5083.433337253984,True,-9.801756668090821,0.49281051121301306,0.1610011620152591,,-1.2845634766745828,-9.841554237365722,0.49178141713406504,0.16105438355572016,,-1.324361045949484,-9.817557298278809,0.49615591347241916,0.1636486243023673,,-1.3003641068625704,3.74936280422844e-05,3.7640489608747885e-05,3.783621286856942e-05,,,,0.0,0.0,0.0
1024,640000,dataset_roots/N_640000/h_0.0004,0.0004,joint_fourier,0,regime_h,h_0.0004,14336,885.4048582969699,True,-7.64208508,0.140270367,0.781605244,3.22753804e-05,0.18196093085629172,-7.64849138,0.140153468,0.781420887,3.25085384e-05,0.17555463085629164,-7.63543749,0.138887048,0.773462415,3.2496926e-05,0.18860852085629176,,,,,,,,,
1024,640000,dataset_roots/N_640000/h_0.0004,0.0004,joint_fourier,1,regime_h,h_0.0004,14336,845.704696514993,True,-7.63587713,0.130648479,0.946086168,2.0988482e-05,0.18816888085629202,-7.65564919,0.129843831,0.949489713,2.22608833e-05,0.16839682085629182,-7.62721014,0.130195171,0.931716025,2.51681249e-05,0.19683587085629206,,,,,,,,,
1024,640000,dataset_roots/N_640000/h_0.0004,0.0004,joint_fourier,2,regime_h,h_0.0004,14336,858.8009568419075,True,-7.5746851,0.119535491,0.69949156,3.25309884e-05,0.24936091085629197,-7.59138107,0.119237162,0.695770741,3.28409806e-05,0.2326649408562922,-7.55624056,0.119607337,0.691374004,3.26930349e-05,0.2678054508562919,,,,,,,,,
1024,640000,dataset_roots/N_640000/h_0.0004,0.0004,joint_fourier,3,regime_h,h_0.0004,14336,902.1808794860262,True,-7.6661396,0.161141977,0.776919127,3.98011434e-05,0.15790641085629176,-7.67121553,0.160884231,0.771498382,4.0764171e-05,0.15283048085629236,-7.65942144,0.162348002,0.768998861,4.03557679e-05,0.1646245708562919,,,,,,,,,
1024,640000,dataset_roots/N_640000/h_0.0004,0.0004,joint_fourier,4,regime_h,h_0.0004,14336,883.0606001310516,True,-7.56426096,0.13416791,0.761533201,2.38663142e-05,0.25978505085629156,-7.56984663,0.133433342,0.759680748,2.47938387e-05,0.2541993808562921,-7.55459833,0.134246275,0.753148258,2.85017395e-05,0.2694476808562918,,,,,,,,,
1024,640000,dataset_roots/N_640000/h_0.0004,0.0004,joint_fourier,5,regime_h,h_0.0004,14336,842.5001726130722,True,-7.60005426,0.122666679,0.813188672,1.46040366e-05,0.22399175085629164,-7.60951471,0.121898964,0.813052535,1.47898973e-05,0.2145313008562919,-7.59540272,0.122082554,0.803324699,1.63525128e-05,0.22864329085629187,,,,,,,,,
1024,640000,dataset_roots/N_640000/h_0.0004,0.0004,joint_fourier,6,regime_h,h_0.0004,14336,874.5494029079564,True,-7.55907154,0.137159318,0.940776348,3.02230001e-05,0.2649744708562922,-7.56874371,0.137791231,0.938643754,3.04899477e-05,0.25530230085629224,-7.54262495,0.135805994,0.932383478,3.06397669e-05,0.2814210608562915,,,,,,,,,
1024,640000,dataset_roots/N_640000/h_0.0004,0.0004,joint_fourier,7,regime_h,h_0.0004,14336,894.0491615220672,True,-7.60432482,0.135739073,0.841867924,1.99126644e-05,0.2197211908562915,-7.62932777,0.134371892,0.842860341,2.58636464e-05,0.1947182408562922,-7.60360909,0.134576038,0.833115757,2.42734695e-05,0.22043692085629196,,,,,,,,,
1024,640000,dataset_roots/N_640000/h_0.0004,0.0004,joint_fourier,8,regime_h,h_0.0004,14336,890.0556471719174,True,-7.57271051,0.17802155,0.865831792,5.04894597e-05,0.25133550085629164,-7.57683039,0.178652674,0.865131855,5.07932637e-05,0.24721562085629234,-7.54887009,0.178394631,0.859274089,5.0499395e-05,0.2751759208562916,,,,,,,,,
1024,640000,dataset_roots/N_640000/h_0.0004,0.0004,joint_fourier,9,regime_h,h_0.0004,14336,847.2241223501042,True,-7.62349844,0.134016484,0.89181149,2.10175058e-05,0.20054757085629227,-7.63746166,0.133749664,0.88940376,2.34907457e-05,0.18658435085629232,-7.61094522,0.134160027,0.880759001,2.68616168e-05,0.2131007908562923,,,,,,,,,
1024,640000,dataset_roots/N_640000/h_0.0004,0.0004,split_fourier,0,regime_h,h_0.0004,14336,4358.231333361007,True,-7.612748146057129,0.5839591026306152,0.6808621287345886,,0.21129786479916302,-7.62358283996582,0.5853836536407471,0.6799696087837219,,0.2004631708904716,-7.607266902923584,0.5860078930854797,0.677501380443573,,0.21677910793270794,4.393755807541311e-05,4.414554496179335e-05,4.406747029861435e-05,,,,,,
1024,640000,dataset_roots/N_640000/h_0.0004,0.0004,split_fourier,1,regime_h,h_0.0004,14336,4594.587559479987,True,-7.6581339836120605,0.5527212619781494,0.8133653998374939,,0.16591202724423137,-7.677206039428711,0.5526430606842041,0.8129811882972717,,0.14683997142758098,-7.660608291625977,0.553943395614624,0.799221932888031,,0.16343771923031536,4.88887308165431e-05,4.8997080739354715e-05,4.900271960650571e-05,,,,,,
1024,640000,dataset_roots/N_640000/h_0.0004,0.0004,split_fourier,2,regime_h,h_0.0004,14336,4615.157414700021,True,-7.589994430541992,0.6309931874275208,0.6478699445724487,,0.23405158031429973,-7.596815586090088,0.6316993832588196,0.645184338092804,,0.22723042476620403,-7.588935852050781,0.6352616548538208,0.6410415768623352,,0.23511015880551067,4.788704973179847e-05,4.801625254913233e-05,4.899682608083822e-05,,,,,,
1024,640000,dataset_roots/N_640000/h_0.0004,0.0004,split_fourier,3,regime_h,h_0.0004,14336,4272.294460150995,True,-7.630126476287842,0.4803980886936188,0.6616594195365906,,0.19391953456845012,-7.642094135284424,0.48127198219299316,0.6580651998519897,,0.1819518755718681,-7.626129627227783,0.48096805810928345,0.6590092778205872,,0.19791638362850872,5.989812416373752e-05,6.107158696977422e-05,6.152226706035435e-05,,,,,,
1024,640000,dataset_roots/N_640000/h_0.0004,0.0004,split_fourier,4,regime_h,h_0.0004,14336,4372.467722446076,True,-7.556903839111328,0.4288402497768402,0.674911379814148,,0.2671421717449638,-7.557031154632568,0.4339873194694519,0.6705612540245056,,0.26701485622372356,-7.553248405456543,0.42933207750320435,0.6669090986251831,,0.27079760539974895,5.207548747421242e-05,5.540584970731288e-05,5.696815060218796e-05,,,,,,
1024,640000,dataset_roots/N_640000/h_0.0004,0.0004,split_fourier,5,regime_h,h_0.0004,14336,4624.610082706087,True,-7.601588726043701,0.488262802362442,0.7364927530288696,,0.22245728481259075,-7.626459121704102,0.4924792945384979,0.7373645305633545,,0.19758688915219036,-7.591624736785889,0.4875207841396332,0.7296462655067444,,0.23242127407040325,4.624494249583222e-05,4.690564674092457e-05,4.6548255340894684e-05,,,,,,
1024,640000,dataset_roots/N_640000/h_0.0004,0.0004,split_fourier,6,regime_h,h_0.0004,14336,4369.009584028041,True,-7.57327938079834,0.456814169883728,0.8801093697547913,,0.2507666300579521,-7.592267036437988,0.4559040367603302,0.8781580924987793,,0.23177897441830364,-7.564157485961914,0.46040958166122437,0.8731357455253601,,0.25988852489437786,4.132327376282774e-05,4.160228490945883e-05,4.1304014303022996e-05,,,,,,
1024,640000,dataset_roots/N_640000/h_0.0004,0.0004,split_fourier,7,regime_h,h_0.0004,14336,4352.972884835093,True,-7.596978664398193,0.6081268787384033,0.7082771062850952,,0.22706734645809856,-7.617598056793213,0.6098586916923523,0.7098705768585205,,0.20644795406307903,-7.605906009674072,0.608363926410675,0.7027208209037781,,0.21814000118221966,3.741135515156202e-05,5.10108657181263e-05,4.475061359698884e-05,,,,,,
1024,640000,dataset_roots/N_640000/h_0.0004,0.0004,split_fourier,8,regime_h,h_0.0004,14336,4521.9751943979645,True,-7.614139556884766,0.4526152014732361,0.7207236886024475,,0.2099064539715263,-7.639781951904297,0.45495787262916565,0.7235256433486938,,0.18426405895199505,-7.608856678009033,0.45285654067993164,0.7165175080299377,,0.21518933284725872,5.379438880481757e-05,5.375183900468983e-05,5.4081316193332896e-05,,,,,,
1024,640000,dataset_roots/N_640000/h_0.0004,0.0004,split_fourier,9,regime_h,h_0.0004,14336,4371.041447835974,True,-7.61254358291626,0.6170890927314758,0.6696178913116455,,0.21150242794003216,-7.623893737792969,0.618864119052887,0.6690830588340759,,0.20015227306332317,-7.613193511962891,0.6194464564323425,0.6637786626815796,,0.2108524988934013,7.078945054672658e-05,7.118151552276686e-05,7.143000402720645e-05,,,,,,
1024,640000,dataset_roots/N_640000/h_0.0004,0.0004,arff,0,regime_h,h_0.0004,14336,988.0504436560441,True,-7.8914475440979,0.21128113567829132,0.08055716753005981,-0.1438622772693634,-0.06740153324160847,-7.9328413009643555,0.2117077261209488,0.07817729562520981,-0.14365699887275696,-0.10879529010806355,-7.891940593719482,0.2125108540058136,0.08027533441781998,-0.143473818898201,-0.0678945828631905,,,,0.4648374915122986,0.4640999734401703,0.4594999849796295,,,
1024,640000,dataset_roots/N_640000/h_0.0004,0.0004,arff,1,regime_h,h_0.0004,14336,988.98223396705,True,-7.91042947769165,0.27958035469055176,0.0821697860956192,-0.12174109369516373,-0.08638346683535847,-7.947161674499512,0.2803165912628174,0.07988649606704712,-0.12210974842309952,-0.1231156636432198,-7.92604923248291,0.2796161472797394,0.08191215991973877,-0.11886197328567505,-0.10200322162661823,,,,0.46247968077659607,0.4675000011920929,0.46059998869895935,,,
1024,640000,dataset_roots/N_640000/h_0.0004,0.0004,arff,2,regime_h,h_0.0004,14336,989.5279099820182,True,-7.943385601043701,0.32324251532554626,0.07819370180368423,-0.12733520567417145,-0.11933959018740925,-7.985650539398193,0.3270350694656372,0.07578080892562866,-0.12551166117191315,-0.16160452854190144,-7.975533485412598,0.3235991597175598,0.07755651324987411,-0.12249495089054108,-0.15148747455630573,,,,0.46373122930526733,0.4657999873161316,0.4610999822616577,,,
1024,640000,dataset_roots/N_640000/h_0.0004,0.0004,arff,3,regime_h,h_0.0004,14336,986.244297210942,True,-7.919823169708252,0.2013976126909256,0.08187784999608994,-0.1112527996301651,-0.09577715885196003,-7.9587812423706055,0.20197980105876923,0.07965288311243057,-0.11139235645532608,-0.13473523151431355,-7.932295322418213,0.20235572755336761,0.08147049695253372,-0.11133372783660889,-0.10824931156192097,,,,0.4751562476158142,0.4797999858856201,0.4715999960899353,,,
1024,640000,dataset_roots/N_640000/h_0.0004,0.0004,arff,4,regime_h,h_0.0004,14336,985.4972897709813,True,-7.9351725578308105,0.20995886623859406,0.08001988381147385,-0.12742507457733154,-0.11112654697451863,-7.974083423614502,0.20982320606708527,0.07762029021978378,-0.12353845685720444,-0.15003741275821003,-7.954015254974365,0.21081501245498657,0.07963348180055618,-0.12488637864589691,-0.1299692441180733,,,,0.4615124762058258,0.4684000015258789,0.46309998631477356,,,
1024,640000,dataset_roots/N_640000/h_0.0004,0.0004,arff,5,regime_h,h_0.0004,14336,992.8366935240338,True,-7.918609142303467,0.19981971383094788,0.08052489161491394,-0.13608945906162262,-0.09456313144717488,-7.954463005065918,0.19969500601291656,0.07854107767343521,-0.13573496043682098,-0.13041699420962605,-7.941463947296143,0.20054499804973602,0.08011943846940994,-0.1344691812992096,-0.11741793643985066,,,,0.4672859311103821,0.4748999774456024,0.4675999879837036,,,
1024,640000,dataset_roots/N_640000/h_0.0004,0.0004,arff,6,regime_h,h_0.0004,14336,986.8307847679825,True,-7.913873195648193,0.5090208649635315,0.08062843978404999,-0.13015517592430115,-0.08982718479190144,-7.942861557006836,0.5241667032241821,0.07812687754631042,-0.12898120284080505,-0.11881554615054402,-7.92534065246582,0.5061768293380737,0.08011026680469513,-0.123720683157444,-0.10129464160952839,,,,0.4789077937602997,0.47839999198913574,0.47929999232292175,,,
1024,640000,dataset_roots/N_640000/h_0.0004,0.0004,arff,7,regime_h,h_0.0004,14336,988.4237478879513,True,-7.86998176574707,0.18505975604057312,0.08112461119890213,-0.12934985756874084,-0.04593575489077839,-7.912295341491699,0.1853371560573578,0.07905500382184982,-0.12902189791202545,-0.0882493306354073,-7.884326457977295,0.18540240824222565,0.0806693285703659,-0.12953490018844604,-0.060280447121003,,,,0.4607124924659729,0.4642999768257141,0.4603999853134155,,,
1024,640000,dataset_roots/N_640000/h_0.0004,0.0004,arff,8,regime_h,h_0.0004,14336,985.466613497003,True,-7.905043601989746,0.36634841561317444,0.08024970442056656,-0.12806445360183716,-0.08099759113345417,-7.9376959800720215,0.3689272701740265,0.07803323119878769,-0.1279340386390686,-0.11364996921572956,-7.924808979034424,0.36452773213386536,0.07986761629581451,-0.12772035598754883,-0.1007629681781319,,,,0.4733906090259552,0.48099997639656067,0.4684000015258789,,,
1024,640000,dataset_roots/N_640000/h_0.0004,0.0004,arff,9,regime_h,h_0.0004,14336,992.0082311269362,True,-7.932764053344727,0.20048390328884125,0.07988540083169937,-0.12716379761695862,-0.10871804248843464,-7.978710174560547,0.200643390417099,0.07775033265352249,-0.12530316412448883,-0.15466416370425495,-7.946924686431885,0.2017422318458557,0.07958872616291046,-0.12566550076007843,-0.12287867557559284,,,,0.48019999265670776,0.4810999929904938,0.4745999872684479,,,
1024,640000,dataset_roots/N_640000/h_0.0004,0.0004,joint_mlp,0,regime_h,h_0.0004,14180,983.1093882879941,True,-9.08524704,0.0586843453,0.19346419,1.36357812e-05,-1.2612010291437086,-9.13288879,0.0586490557,0.187688112,1.37111319e-05,-1.308842779143709,-9.09120178,0.0585902855,0.1945149,1.36865001e-05,-1.2671557691437085,,,,,,,,,
1024,640000,dataset_roots/N_640000/h_0.0004,0.0004,joint_mlp,1,regime_h,h_0.0004,14180,971.3865375310415,True,-9.07853317,0.0537470542,0.2309466,1.82501626e-05,-1.2544871591437081,-9.11918449,0.0537453443,0.231504634,1.82856747e-05,-1.2951384791437084,-9.08410931,0.0535305291,0.23470141,1.8360588e-05,-1.2600632991437086,,,,,,,,,
1024,640000,dataset_roots/N_640000/h_0.0004,0.0004,joint_mlp,2,regime_h,h_0.0004,14180,1066.533223839011,True,-9.07850933,0.0596612021,0.230066657,1.54047557e-05,-1.2544633191437073,-9.12137127,0.0597635582,0.23075752,1.54114987e-05,-1.2973252591437072,-9.07981682,0.0595676824,0.236370742,1.55871712e-05,-1.2557708091437076,,,,,,,,,
1024,640000,dataset_roots/N_640000/h_0.0004,0.0004,joint_mlp,3,regime_h,h_0.0004,14180,971.7108693480259,True,-9.08911324,0.0554926321,0.194174886,1.36079934e-05,-1.2650672291437077,-9.14302731,0.0555454008,0.193343416,1.39328276e-05,-1.3189812991437089,-9.08677006,0.0553178452,0.193435743,1.37641673e-05,-1.2627240491437073,,,,,,,,,
1024,640000,dataset_roots/N_640000/h_0.0004,0.0004,joint_mlp,4,regime_h,h_0.0004,14180,970.2666680190014,True,-9.08078575,0.0598871186,0.225783318,1.6446691e-05,-1.2567397391437085,-9.11737442,0.0599448606,0.224523216,1.65430356e-05,-1.293328409143709,-9.07489777,0.0596148595,0.227156773,1.65816818e-05,-1.2508517591437078,,,,,,,,,
1024,640000,dataset_roots/N_640000/h_0.0004,0.0004,joint_mlp,5,regime_h,h_0.0004,14180,983.8097776240902,True,-9.09109783,0.0624669753,0.171672001,1.1973556e-05,-1.2670518191437088,-9.13168526,0.0623561256,0.173973203,1.2109801e-05,-1.3076392491437074,-9.0814085,0.061993178,0.170761704,1.20145132e-05,-1.2573624891437083,,,,,,,,,
1024,640000,dataset_roots/N_640000/h_0.0004,0.0004,joint_mlp,6,regime_h,h_0.0004,14180,1031.7322393709328,True,-9.07800579,0.0607407242,0.216858685,1.41227083e-05,-1.2539597791437087,-9.12518692,0.0607679039,0.210978329,1.43286379e-05,-1.301140909143709,-9.08350563,0.0604372472,0.219064429,1.41957507e-05,-1.2594596191437075,,,,,,,,,
1024,640000,dataset_roots/N_640000/h_0.0004,0.0004,joint_mlp,7,regime_h,h_0.0004,14180,980.8365962440148,True,-9.04122162,0.0604310296,0.217646554,1.25248616e-05,-1.217175609143708,-9.09590149,0.0604962856,0.213433325,1.25486104e-05,-1.2718554791437073,-9.04153252,0.0603531227,0.217660055,1.2505714e-05,-1.2174865091437086,,,,,,,,,
1024,640000,dataset_roots/N_640000/h_0.0004,0.0004,joint_mlp,8,regime_h,h_0.0004,14180,990.3598239769926,True,-9.0514698,0.0591652617,0.173395187,2.17208726e-05,-1.2274237891437076,-9.09228611,0.0593286082,0.170196354,2.17163451e-05,-1.268240099143708,-9.05336666,0.0589080453,0.176108077,2.17619145e-05,-1.229320649143708,,,,,,,,,
1024,640000,dataset_roots/N_640000/h_0.0004,0.0004,joint_mlp,9,regime_h,h_0.0004,14180,990.0447794279316,True,-9.03877354,0.0540321618,0.198589444,1.85097761e-05,-1.2147275291437074,-9.08691502,0.0541654415,0.199113742,1.86009293e-05,-1.2628690091437074,-9.03534412,0.0538062565,0.198239252,1.86226862e-05,-1.2112981091437076,,,,,,,,,
1024,640000,dataset_roots/N_640000/h_0.0004,0.0004,split_mlp,0,regime_h,h_0.0004,14180,4794.425807113992,True,-8.889286892700195,0.3452186050829426,0.15020834121792173,,-1.065240881843903,-8.930683200073242,0.3447512494845917,0.1495727089436855,,-1.1066371892169498,-8.899263110351562,0.34730188983733845,0.15415083997878823,,-1.0752170994952701,2.3746943043079227e-05,2.3875503757153638e-05,2.3809130652807653e-05,,,,0.0,0.0,0.0
1024,640000,dataset_roots/N_640000/h_0.0004,0.0004,split_mlp,1,regime_h,h_0.0004,14180,4755.770759367966,True,-8.900132220458984,0.356118769441142,0.13309080410179108,,-1.0760862096026917,-8.947681280517578,0.35530228831242205,0.1311249218998774,,-1.1236352696612864,-8.906477490234375,0.35949778472037613,0.1380344783507016,,-1.0824314793780827,3.7883888580836356e-05,3.8001886423444375e-05,3.810700218309648e-05,,,,0.0,0.0,0.0
1024,640000,dataset_roots/N_640000/h_0.0004,0.0004,split_mlp,2,regime_h,h_0.0004,14180,4879.365236025886,True,-8.942386688232421,0.3546852836312384,0.13867341445614167,,-1.1183406773761293,-8.97924776763916,0.35316907956730137,0.13608961335252903,,-1.1552017567828683,-8.953396612548827,0.3582073344776096,0.13959851649561766,,-1.1293506016925354,3.788470712606795e-05,3.807410394074395e-05,3.787222522078082e-05,,,,0.0,0.0,0.0
1024,640000,dataset_roots/N_640000/h_0.0004,0.0004,split_mlp,3,regime_h,h_0.0004,14180,4962.562727077049,True,-8.85719811706543,0.44274840869224324,0.16091400290837876,,-1.0331521062091378,-8.908078341674806,0.44195139057245836,0.15827444961994708,,-1.0840323308185136,-8.862929655456544,0.44396834630631954,0.1604609078245273,,-1.0388836446002516,3.754977660719305e-05,3.760410254471935e-05,3.7606412661261857e-05,,,,0.0,0.0,0.0
1024,640000,dataset_roots/N_640000/h_0.0004,0.0004,split_mlp,4,regime_h,h_0.0004,14180,5547.255866363994,True,-8.865760317993164,0.3961380649869947,0.13545936151199275,,-1.0417143071368722,-8.894600598144532,0.3965133793561557,0.13491630629367568,,-1.0705545872882398,-8.882068193054199,0.3984699252576984,0.13831251607310543,,-1.0580221821979068,3.554492286639288e-05,3.55755073542241e-05,3.560225377441384e-05,,,,0.0,0.0,0.0
1024,640000,dataset_roots/N_640000/h_0.0004,0.0004,split_mlp,5,regime_h,h_0.0004,14180,4719.218109632027,True,-8.935037811279297,0.31854181977288365,0.10648379877445892,,-1.1109918004230055,-8.97153451385498,0.3192167420277078,0.10499124997008615,,-1.147488502998688,-8.939691326904297,0.31986162058165846,0.10749325807494128,,-1.1156453160480053,4.2030602344311774e-05,4.2067014874191955e-05,4.2473380744922906e-05,,,,0.0,0.0,0.0
1024,640000,dataset_roots/N_640000/h_0.0004,0.0004,split_mlp,6,regime_h,h_0.0004,14180,4981.915967804962,True,-8.879877850341797,0.3968951139259812,0.12264469560818661,,-1.0558318394855055,-8.91517389831543,0.3965138709875542,0.1207142333763004,,-1.0911278874591384,-8.883872923278808,0.4002969030684071,0.12557569891326592,,-1.0598269124225164,5.7398043281864375e-05,5.7581652072258294e-05,5.888045416213572e-05,,,,0.0,0.0,0.0
1024,640000,dataset_roots/N_640000/h_0.0004,0.0004,split_mlp,7,regime_h,h_0.0004,14180,4766.035395518062,True,-8.754919320678711,0.5636628919967211,0.13438520095710532,,-0.9308733098224193,-8.792658113098145,0.5654260948304023,0.12798506247283442,,-0.9686121022418535,-8.771448202514648,0.5641100941761304,0.14162530027396625,,-0.9474021916583562,4.658817852032371e-05,4.7124271077336743e-05,4.674086449085735e-05,,,,0.0,0.0,0.0
1024,640000,dataset_roots/N_640000/h_0.0004,0.0004,split_mlp,8,regime_h,h_0.0004,14180,5087.567025269964,True,-8.849686056518555,0.49973849214384897,0.12940314949920637,,-1.0256400456622634,-8.886517164611817,0.5008000899741198,0.12869962760941014,,-1.0624711537555251,-8.851798271179199,0.5018860838764818,0.13067848361387563,,-1.0277522603229068,3.813549119513482e-05,3.825025123660453e-05,3.82244325010106e-05,,,,0.0,0.0,0.0
1024,640000,dataset_roots/N_640000/h_0.0004,0.0004,split_mlp,9,regime_h,h_0.0004,14180,4796.876253049937,True,-8.948395553588867,0.31443863925966414,0.13095141082240144,,-1.124349542732575,-8.990015486145019,0.3149964295410919,0.12988326641428943,,-1.165969475288727,-8.953726289367676,0.3158521181202261,0.13397095867879774,,-1.1296802785113842,3.400837886147201e-05,3.427864066907205e-05,3.4353910450590774e-05,,,,0.0,0.0,0.0
1024,640000,dataset_roots/N_640000/h_0.0008,0.0008,joint_fourier,0,regime_h,h_0.0008,14336,885.111696989974,True,-6.84855318,0.134095892,0.707110465,3.94540912e-05,0.28234565029634684,-6.87762928,0.13427639,0.708487034,3.99751843e-05,0.2532695502963467,-6.82971716,0.13360934,0.702183843,4.02564947e-05,0.3011816702963461,,,,,,,,,
1024,640000,dataset_roots/N_640000/h_0.0008,0.0008,joint_fourier,1,regime_h,h_0.0008,14336,909.0823490830371,True,-6.86332655,0.139367417,0.890464425,4.75258312e-05,0.2675722802963465,-6.88744974,0.13931419,0.897031248,4.72237043e-05,0.24344909029634643,-6.85266924,0.14033857,0.874989867,4.76869318e-05,0.27822959029634653,,,,,,,,,
1024,640000,dataset_roots/N_640000/h_0.0008,0.0008,joint_fourier,2,regime_h,h_0.0008,14336,869.0520605129423,True,-6.83633804,0.119567119,0.685353279,3.80848323e-05,0.2945607902963463,-6.84692192,0.119459659,0.682771742,3.78486147e-05,0.28397691029634675,-6.81584215,0.12008559,0.677632987,4.00058161e-05,0.3150566802963466,,,,,,,,,
1024,640000,dataset_roots/N_640000/h_0.0008,0.0008,joint_fourier,3,regime_h,h_0.0008,14336,856.6908125730697,True,-6.87477493,0.124917157,0.69626075,3.34038414e-05,0.25612390029634646,-6.88861084,0.125491589,0.693323851,3.81136451e-05,0.2422879902963464,-6.86053896,0.125859335,0.692965031,3.6496047e-05,0.2703598702963461,,,,,,,,,
1024,640000,dataset_roots/N_640000/h_0.0008,0.0008,joint_fourier,4,regime_h,h_0.0008,14336,829.1837533259531,True,-6.77946091,0.152339026,0.663637936,3.45472909e-05,0.35143792029634646,-6.80072784,0.152348831,0.663056314,3.61992024e-05,0.3301709902963461,-6.76289225,0.153409496,0.656541586,4.05671817e-05,0.36800658029634636,,,,,,,,,
1024,640000,dataset_roots/N_640000/h_0.0008,0.0008,joint_fourier,5,regime_h,h_0.0008,14336,822.5753613410052,True,-6.85051537,0.138207242,0.699897051,2.59624212e-05,0.2803834602963464,-6.88067341,0.138395444,0.701968491,2.64942119e-05,0.25022542029634653,-6.82825136,0.138342336,0.693255782,2.80357544e-05,0.3026474702963462,,,,,,,,,
1024,640000,dataset_roots/N_640000/h_0.0008,0.0008,joint_fourier,6,regime_h,h_0.0008,14336,852.7380297529744,True,-6.79348183,0.141623974,0.81998843,4.6000514e-05,0.33741700029634636,-6.81386852,0.141572028,0.821316659,4.64590812e-05,0.31703031029634676,-6.7798872,0.143502429,0.815815806,4.64698533e-05,0.3510116302963464,,,,,,,,,
1024,640000,dataset_roots/N_640000/h_0.0008,0.0008,joint_fourier,7,regime_h,h_0.0008,14336,850.4558698619949,True,-6.81706762,0.156270295,0.707492232,4.23691126e-05,0.3138312102963461,-6.83782625,0.156314403,0.707295597,4.58853901e-05,0.29307258029634653,-6.80951405,0.157153592,0.701079667,4.94128908e-05,0.32138478029634676,,,,,,,,,
1024,640000,dataset_roots/N_640000/h_0.0008,0.0008,joint_fourier,8,regime_h,h_0.0008,14336,861.768178076949,True,-6.84097958,0.139738753,0.736268222,4.70026534e-05,0.2899192502963466,-6.85436392,0.140479505,0.736445427,4.79535374e-05,0.2765349102963466,-6.82489824,0.140075058,0.730529845,4.72608117e-05,0.30600059029634696,,,,,,,,,
1024,640000,dataset_roots/N_640000/h_0.0008,0.0008,joint_fourier,9,regime_h,h_0.0008,14336,858.2752666049637,True,-6.86505747,0.13579537,0.796940684,2.6151587e-05,0.26584136029634653,-6.87032175,0.136754319,0.797355533,2.87438252e-05,0.26057708029634696,-6.85408974,0.13701196,0.787771702,2.92088534e-05,0.2768090902963465,,,,,,,,,
1024,640000,dataset_roots/N_640000/h_0.0008,0.0008,split_fourier,0,regime_h,h_0.0008,14336,4564.674079813063,True,-6.848814010620117,0.3470742702484131,0.6475030779838562,,0.28208481967622934,-6.871027946472168,0.35032394528388977,0.6464454531669617,,0.25987088382417856,-6.837068557739258,0.3493449091911316,0.6455386281013489,,0.2938302725570887,6.729814049322158e-05,6.794069486204535e-05,7.219397957669571e-05,,,,,,
1024,640000,dataset_roots/N_640000/h_0.0008,0.0008,split_fourier,1,regime_h,h_0.0008,14336,4643.77019199403,True,-6.872902870178223,0.32846543192863464,0.7184981107711792,,0.25799596011812387,-6.9016804695129395,0.3278728127479553,0.7166764140129089,,0.22921836078340707,-6.862158298492432,0.3295210897922516,0.7091463208198547,,0.2687405318039149,6.294818012975156e-05,6.314997881418094e-05,6.307374860625714e-05,,,,,,
1024,640000,dataset_roots/N_640000/h_0.0008,0.0008,split_fourier,2,regime_h,h_0.0008,14336,4589.520972223021,True,-6.815605163574219,0.43404415249824524,0.6100326180458069,,0.3152936667221278,-6.834924697875977,0.43588167428970337,0.6151236891746521,,0.29597413242036996,-6.796598434448242,0.4356377124786377,0.6033076643943787,,0.33430039584810434,6.444641621783376e-05,6.841069262009114e-05,6.79841177770868e-05,,,,,,
1024,640000,dataset_roots/N_640000/h_0.0008,0.0008,split_fourier,3,regime_h,h_0.0008,14336,4559.241761691985,True,-6.866044521331787,0.3600437045097351,0.6218720078468323,,0.2648543089645594,-6.884584426879883,0.36451253294944763,0.6194108724594116,,0.2463144034164637,-6.851510047912598,0.3604060113430023,0.6198216080665588,,0.27938878238374887,5.8030287618748844e-05,5.8608915423974395e-05,5.8629892009776086e-05,,,,,,
1024,640000,dataset_roots/N_640000/h_0.0008,0.0008,split_fourier,4,regime_h,h_0.0008,14336,4633.191224450013,True,-6.7964186668396,0.4364842474460602,0.6102021336555481,,0.3344801634567469,-6.820099830627441,0.4367204010486603,0.6078259348869324,,0.3107989996689051,-6.791340351104736,0.4386399984359741,0.6052982807159424,,0.3395584791916102,6.442466110456735e-05,6.446603947551921e-05,6.46712796879001e-05,,,,,,
1024,640000,dataset_roots/N_640000/h_0.0008,0.0008,split_fourier,5,regime_h,h_0.0008,14336,4687.04091961903,True,-6.837980270385742,0.34655117988586426,0.628848671913147,,0.29291855991060434,-6.861350059509277,0.3470310866832733,0.6250614523887634,,0.2695487707870692,-6.829596042633057,0.34833624958992004,0.621823787689209,,0.3013027876632899,6.349734758259729e-05,6.822504656156525e-05,7.213293429231271e-05,,,,,,
1024,640000,dataset_roots/N_640000/h_0.0008,0.0008,split_fourier,6,regime_h,h_0.0008,14336,4607.9487060420215,True,-6.787012100219727,0.44000059366226196,0.6631714105606079,,0.34388673007661996,-6.807552814483643,0.44244930148124695,0.6644721627235413,,0.32334601581270395,-6.776912212371826,0.4427601397037506,0.6627205014228821,,0.35398661792452035,7.529964204877615e-05,7.653293141629547e-05,7.653293141629547e-05,,,,,,
1024,640000,dataset_roots/N_640000/h_0.0008,0.0008,split_fourier,7,regime_h,h_0.0008,14336,4588.337511654012,True,-6.804258346557617,0.3935921788215637,0.6226008534431458,,0.32664048373872934,-6.81879186630249,0.3968140780925751,0.6235446929931641,,0.3121069639938563,-6.7960591316223145,0.3928406536579132,0.6187250018119812,,0.33483969867403207,4.055201497976668e-05,4.406049265526235e-05,4.2180134187219664e-05,,,,,,
1024,640000,dataset_roots/N_640000/h_0.0008,0.0008,split_fourier,8,regime_h,h_0.0008,14336,4317.107092470047,True,-6.814323425292969,0.35942426323890686,0.673389196395874,,0.3165754050033778,-6.82371711730957,0.3614595830440521,0.6735135316848755,,0.3071817129867762,-6.79594612121582,0.35864755511283875,0.6666392087936401,,0.3349527090805262,5.4415671911556274e-05,5.493058779393323e-05,5.4919208196224645e-05,,,,,,
1024,640000,dataset_roots/N_640000/h_0.0008,0.0008,split_fourier,9,regime_h,h_0.0008,14336,4496.041979425005,True,-6.844899654388428,0.33533304929733276,0.5499764680862427,,0.2859991759079188,-6.861603736877441,0.3384643793106079,0.549372673034668,,0.2692950934189051,-6.834457874298096,0.3355846703052521,0.543834924697876,,0.2964409559982508,5.6069962738547474e-05,5.754439553129487e-05,6.229943392099813e-05,,,,,,
1024,640000,dataset_roots/N_640000/h_0.0008,0.0008,arff,0,regime_h,h_0.0008,14336,989.4305368699133,True,-7.088624954223633,0.12737038731575012,0.079953134059906,-0.14073464274406433,0.04227387607271371,-7.114602088928223,0.12680388987064362,0.07776185125112534,-0.13897094130516052,0.016296741368123868,-7.110064506530762,0.12791387736797333,0.07982724905014038,-0.13614417612552643,0.020834323765584806,,,,0.4778921902179718,0.47839999198913574,0.4737999737262726,,,
1024,640000,dataset_roots/N_640000/h_0.0008,0.0008,arff,1,regime_h,h_0.0008,14336,986.7788728300948,True,-7.119991779327393,0.197808176279068,0.08193318545818329,-0.11723729968070984,0.010907050968953946,-7.163388729095459,0.1973777711391449,0.07981391996145248,-0.11633836477994919,-0.03248989879911246,-7.140320301055908,0.19813913106918335,0.0815289318561554,-0.11434374749660492,-0.009421470759561679,,,,0.4737515449523926,0.4794999957084656,0.46719998121261597,,,
1024,640000,dataset_roots/N_640000/h_0.0008,0.0008,arff,2,regime_h,h_0.0008,14336,987.982529622037,True,-7.1154608726501465,0.41322582960128784,0.07774785161018372,-0.14551571011543274,0.01543795764620004,-7.126573085784912,0.422040194272995,0.07530765980482101,-0.14320380985736847,0.004325744511434415,-7.1421308517456055,0.41154563426971436,0.07717827707529068,-0.13959288597106934,-0.011232021449258944,,,,0.47531718015670776,0.47759997844696045,0.4757999777793884,,,
1024,640000,dataset_roots/N_640000/h_0.0008,0.0008,arff,3,regime_h,h_0.0008,14336,992.7824155150447,True,-7.118537902832031,0.12158546596765518,0.08226364105939865,-0.12314906716346741,0.012360927464315274,-7.1476054191589355,0.121008962392807,0.08022872358560562,-0.12029804289340973,-0.016706588862589022,-7.144607067108154,0.12173120677471161,0.0820331871509552,-0.12315207719802856,-0.013708236811807772,,,,0.46925467252731323,0.4748999774456024,0.46459999680519104,,,
1024,640000,dataset_roots/N_640000/h_0.0008,0.0008,arff,4,regime_h,h_0.0008,14336,988.6419901410118,True,-7.1010355949401855,0.2538626790046692,0.08082042634487152,-0.11893599480390549,0.029863235356160978,-7.136485576629639,0.25758934020996094,0.07856666296720505,-0.11592944711446762,-0.005586746333292147,-7.140745162963867,0.2525689899921417,0.08052052557468414,-0.11903135478496552,-0.009846332667520663,,,,0.47390466928482056,0.4814999997615814,0.4756999909877777,,,
1024,640000,dataset_roots/N_640000/h_0.0008,0.0008,arff,5,regime_h,h_0.0008,14336,989.8482341880444,True,-7.093062400817871,0.13282756507396698,0.08124729990959167,-0.1276363879442215,0.03783642947847543,-7.099533557891846,0.13213519752025604,0.07924801111221313,-0.12701845169067383,0.03136527240450082,-7.095632076263428,0.13326790928840637,0.08056646585464478,-0.1267118752002716,0.03526675403291879,,,,0.47288748621940613,0.47679999470710754,0.46959999203681946,,,
1024,640000,dataset_roots/N_640000/h_0.0008,0.0008,arff,6,regime_h,h_0.0008,14336,985.6338511609938,True,-7.066643714904785,0.3636496365070343,0.07933279871940613,-0.11704961955547333,0.06425511539156137,-7.0608906745910645,0.3742341697216034,0.07707691937685013,-0.115141861140728,0.07000815570528207,-7.089754581451416,0.36100906133651733,0.07901439815759659,-0.11048424243927002,0.04114424884493051,,,,0.4729921817779541,0.48169997334480286,0.4738999903202057,,,
1024,640000,dataset_roots/N_640000/h_0.0008,0.0008,arff,7,regime_h,h_0.0008,14336,991.1214575259946,True,-7.1203460693359375,0.12525849044322968,0.07847469300031662,-0.13967391848564148,0.010552760960409024,-7.123526573181152,0.12485019117593765,0.07627322524785995,-0.13885408639907837,0.007372257115194181,-7.148243427276611,0.1253858357667923,0.07788193970918655,-0.1372089684009552,-0.017344596980264804,,,,0.4546765387058258,0.45619997382164,0.45179998874664307,,,
1024,640000,dataset_roots/N_640000/h_0.0008,0.0008,arff,8,regime_h,h_0.0008,14336,986.8176336060278,True,-7.117757797241211,0.13802434504032135,0.07900785654783249,-0.110450379550457,0.013141033055135587,-7.141855239868164,0.13741381466388702,0.07679638266563416,-0.10609722882509232,-0.010956409571817538,-7.127338886260986,0.1380370408296585,0.07862395793199539,-0.11012616008520126,0.0035599440353601963,,,,0.46894529461860657,0.4697999954223633,0.46469998359680176,,,
1024,640000,dataset_roots/N_640000/h_0.0008,0.0008,arff,9,regime_h,h_0.0008,14336,988.185954907909,True,-7.088213920593262,0.1254376918077469,0.0785650759935379,-0.13235844671726227,0.042684909703084806,-7.092940330505371,0.1249890923500061,0.0764453187584877,-0.1315794289112091,0.03795849979097543,-7.093265533447266,0.12582089006900787,0.0780961662530899,-0.1308784931898117,0.0376332968490809,,,,0.4831031262874603,0.48240000009536743,0.4777999818325043,,,
1024,640000,dataset_roots/N_640000/h_0.0008,0.0008,joint_mlp,0,regime_h,h_0.0008,14180,1024.6705836610636,True,-8.07922935,0.0538852662,0.155274346,1.95299344e-05,-0.9483305197036538,-8.11381149,0.0539145246,0.157660425,1.96393921e-05,-0.9829126597036533,-8.06717682,0.0537142232,0.155944079,1.95713692e-05,-0.9362779897036537,,,,,,,,,
1024,640000,dataset_roots/N_640000/h_0.0008,0.0008,joint_mlp,1,regime_h,h_0.0008,14180,1045.4523438219912,True,-8.08407307,0.0605892278,0.140492722,1.34198408e-05,-0.953174239703654,-8.12092495,0.0605695136,0.139353827,1.34255033e-05,-0.9900261197036526,-8.08234787,0.0603860207,0.140577316,1.34610709e-05,-0.951449039703653,,,,,,,,,
1024,640000,dataset_roots/N_640000/h_0.0008,0.0008,joint_mlp,2,regime_h,h_0.0008,14180,996.7113572169328,True,-8.0932703,0.056779772,0.162517831,1.91813888e-05,-0.9623714697036538,-8.12708092,0.0569183752,0.162588432,1.91700401e-05,-0.9961820897036526,-8.09164524,0.0564436391,0.163446426,1.92788375e-05,-0.9607464097036535,,,,,,,,,
1024,640000,dataset_roots/N_640000/h_0.0008,0.0008,joint_mlp,3,regime_h,h_0.0008,14180,979.2862439260352,True,-8.09764671,0.0616377778,0.171523243,1.87292189e-05,-0.9667478797036528,-8.12709236,0.0616210885,0.170191601,1.88244576e-05,-0.9961935297036542,-8.08890247,0.0614504032,0.17371726,1.88209924e-05,-0.9580036397036542,,,,,,,,,
1024,640000,dataset_roots/N_640000/h_0.0008,0.0008,joint_mlp,4,regime_h,h_0.0008,14180,1014.0419498590054,True,-8.10671043,0.055977717,0.185910836,2.11378629e-05,-0.9758115997036532,-8.14058685,0.05603984,0.184087545,2.1200849e-05,-1.0096880197036535,-8.08790588,0.0557511561,0.185721099,2.1306425e-05,-0.9570070497036527,,,,,,,,,
1024,640000,dataset_roots/N_640000/h_0.0008,0.0008,joint_mlp,5,regime_h,h_0.0008,14180,1033.8671533120796,True,-8.10324669,0.0557754189,0.151868567,1.55647995e-05,-0.9723478597036541,-8.14302158,0.0558499098,0.152927786,1.55914768e-05,-1.0121227497036527,-8.09183216,0.0553997681,0.150749698,1.57231461e-05,-0.9609333297036526,,,,,,,,,
1024,640000,dataset_roots/N_640000/h_0.0008,0.0008,joint_mlp,6,regime_h,h_0.0008,14180,994.8545104539953,True,-8.08395958,0.05965304,0.174379021,2.21371211e-05,-0.9530607497036536,-8.12388229,0.0597636998,0.173255697,2.24086543e-05,-0.9929834597036526,-8.07563591,0.0593159795,0.175167635,2.2263217e-05,-0.9447370797036543,,,,,,,,,
1024,640000,dataset_roots/N_640000/h_0.0008,0.0008,joint_mlp,7,regime_h,h_0.0008,14180,1022.5791239730315,True,-8.09162235,0.0597414486,0.177654862,2.21702376e-05,-0.9607235197036532,-8.12841511,0.0598089546,0.180007964,2.22468389e-05,-0.9975162797036541,-8.07396412,0.0594736077,0.177832544,2.21941373e-05,-0.9430652897036529,,,,,,,,,
1024,640000,dataset_roots/N_640000/h_0.0008,0.0008,joint_mlp,8,regime_h,h_0.0008,14180,1024.5754316940438,True,-8.09879398,0.0608249381,0.191438645,1.8923909e-05,-0.9678951497036534,-8.13191795,0.0608803742,0.194123447,1.89948551e-05,-1.0010191197036535,-8.08682632,0.0607128479,0.193596005,1.90506962e-05,-0.9559274897036536,,,,,,,,,
1024,640000,dataset_roots/N_640000/h_0.0008,0.0008,joint_mlp,9,regime_h,h_0.0008,14180,1028.1303304859903,True,-8.08456707,0.0545021147,0.136861369,2.18221521e-05,-0.9536682397036538,-8.12684345,0.0545002222,0.136735663,2.19949361e-05,-0.9959446197036543,-8.08667278,0.0542363301,0.136403009,2.20892289e-05,-0.9557739497036541,,,,,,,,,
1024,640000,dataset_roots/N_640000/h_0.0008,0.0008,split_mlp,0,regime_h,h_0.0008,14180,5005.551476504072,True,-8.01180405960083,0.2240348553396296,0.13423345059331446,,-0.8809052293044841,-8.038946141052246,0.2234143004784095,0.13038095064825336,,-0.9080473107559,-8.012914689636231,0.22600268874523283,0.13343652855350552,,-0.8820158593398846,4.090002039447427e-05,4.094023097422905e-05,4.0942468331195414e-05,,,,0.0,0.0,0.0
1024,640000,dataset_roots/N_640000/h_0.0008,0.0008,split_mlp,1,regime_h,h_0.0008,14180,5177.886032930925,True,-8.043828717041016,0.20131895380256476,0.13214050891450077,,-0.9129298867446698,-8.08215648651123,0.20120122481406363,0.13192955403505574,,-0.9512576562148842,-8.034669480895996,0.2025016555860917,0.1313729874816166,,-0.9037706505996494,2.660347854543943e-05,2.6700370653998107e-05,2.6681524104787968e-05,,,,0.0,0.0,0.0
1024,640000,dataset_roots/N_640000/h_0.0008,0.0008,split_mlp,2,regime_h,h_0.0008,14180,4973.6420499339,True,-7.967389186096192,0.2432002677109309,0.13549250796990953,,-0.8364903557998451,-8.012167953491211,0.2430799354119066,0.1352749224549856,,-0.8812691231948646,-7.958385368347168,0.243980192377801,0.1338188791382379,,-0.8274865380508212,4.480591815081425e-05,4.4849770347354934e-05,4.48941282229498e-05,,,,0.0,0.0,0.0
1024,640000,dataset_roots/N_640000/h_0.0008,0.0008,split_mlp,3,regime_h,h_0.0008,14180,5069.5207883529365,True,-7.999844045257569,0.23916505121988368,0.13886781069744436,,-0.8689452149612222,-8.035524731445312,0.23930561827951446,0.13585292550849448,,-0.9046259011489655,-7.995195182800293,0.2403274607360737,0.13823140977636375,,-0.8642963525039464,3.504793130559847e-05,3.5127530281897634e-05,3.522651604725979e-05,,,,0.0,0.0,0.0
1024,640000,dataset_roots/N_640000/h_0.0008,0.0008,split_mlp,4,regime_h,h_0.0008,14180,4827.633435796946,True,-7.99209320602417,0.1978349994977324,0.11930552241893035,,-0.8611943757278233,-8.036347128295898,0.19804881564982613,0.11791286233757586,,-0.9054482979995511,-7.990545487213135,0.19863928959369276,0.11957362794810561,,-0.8596466569167882,4.942947634845041e-05,4.955213444191031e-05,4.962502862326801e-05,,,,0.0,0.0,0.0
1024,640000,dataset_roots/N_640000/h_0.0008,0.0008,split_mlp,5,regime_h,h_0.0008,14180,5007.780989450985,True,-8.039407077026366,0.2330107508344588,0.11989545768689353,,-0.9085082467300198,-8.076231521606445,0.2326941320756824,0.11770143202634001,,-0.9453326913100986,-8.032798818969727,0.23475802041877955,0.11909121701179143,,-0.9018999886733807,3.70085945178289e-05,3.715639468282461e-05,3.710569581016898e-05,,,,0.0,0.0,0.0
1024,640000,dataset_roots/N_640000/h_0.0008,0.0008,split_mlp,6,regime_h,h_0.0008,14180,4815.052517914912,True,-8.00722824935913,0.19418763315821666,0.1269140913317092,,-0.8763294190627837,-8.035354560852051,0.19379848380349138,0.12832179172903546,,-0.9044557305557044,-8.009229837036132,0.19516586862470922,0.12756883539526986,,-0.8783310067397858,5.1483031711541116e-05,5.155045073479414e-05,5.148057243786752e-05,,,,0.0,0.0,0.0
1024,640000,dataset_roots/N_640000/h_0.0008,0.0008,split_mlp,7,regime_h,h_0.0008,14180,5189.9375835409155,True,-7.9536930839538575,0.2318206070310337,0.13369679902955733,,-0.822794253657511,-8.00068900756836,0.23154001381749445,0.13074594458588218,,-0.8697901772720131,-7.947477209472656,0.23260945339106529,0.13374795406117782,,-0.8165783791763097,3.487514550215565e-05,3.5314264096086845e-05,3.4992121072718874e-05,,,,0.0,0.0,0.0
1024,640000,dataset_roots/N_640000/h_0.0008,0.0008,split_mlp,8,regime_h,h_0.0008,14180,4840.261776185012,True,-8.00074776763916,0.23347055050415133,0.13838333076218007,,-0.8698489373428133,-8.036303665161133,0.2331568555817433,0.13610400342542708,,-0.905404834864787,-7.996307275390625,0.23457606501448422,0.13961093358029858,,-0.8654084450942783,4.621815969585441e-05,4.63350661448203e-05,4.629769318853505e-05,,,,0.0,0.0,0.0
1024,640000,dataset_roots/N_640000/h_0.0008,0.0008,split_mlp,9,regime_h,h_0.0008,14180,5016.188051613048,True,-7.999346012878418,0.20826534439094463,0.13505593662540644,,-0.8684471825820719,-8.04408539276123,0.20765174419894566,0.13308490846274382,,-0.913186562464884,-7.999618911743164,0.2102967881315704,0.13538724445203817,,-0.8687200814468179,4.366477514849976e-05,4.374801574158482e-05,4.373325646156445e-05,,,,0.0,0.0,0.0
1024,640000,dataset_roots/N_640000/h_0.001,0.001,joint_fourier,0,regime_h,h_0.001,14336,901.8521600390086,True,-6.5761075,0.137228161,0.681506038,6.19697312e-05,0.3316477789821368,-6.61006546,0.136524603,0.68259716,6.2991603e-05,0.2976898189821364,-6.53798819,0.138734117,0.67695874,6.2459163e-05,0.3697670889821367,,,,,,,,,
1024,640000,dataset_roots/N_640000/h_0.001,0.001,joint_fourier,1,regime_h,h_0.001,14336,893.1517793970415,True,-6.60278988,0.170512065,0.87575388,3.07005757e-05,0.30496539898213726,-6.64185619,0.171677798,0.881263018,3.09188363e-05,0.26589908898213643,-6.5768466,0.170933947,0.860059261,3.07846385e-05,0.33090867898213716,,,,,,,,,
1024,640000,dataset_roots/N_640000/h_0.001,0.001,joint_fourier,2,regime_h,h_0.001,14336,852.9955204690341,True,-6.57593203,0.122466922,0.675566018,6.78423385e-05,0.3318232489821371,-6.60054064,0.122141473,0.673176408,7.19433447e-05,0.30721463898213663,-6.55608749,0.12340349,0.668357849,7.17313742e-05,0.35166778898213646,,,,,,,,,
1024,640000,dataset_roots/N_640000/h_0.001,0.001,joint_fourier,3,regime_h,h_0.001,14336,891.3668284879532,True,-6.62656927,0.142400488,0.676301241,4.4642893e-05,0.28118600898213675,-6.64846563,0.142160207,0.67472285,4.49276704e-05,0.25928964898213724,-6.59715128,0.144342452,0.674443662,4.55018526e-05,0.31060399898213653,,,,,,,,,
1024,640000,dataset_roots/N_640000/h_0.001,0.001,joint_fourier,4,regime_h,h_0.001,14336,841.9899707889417,True,-6.5264082,0.161879018,0.642757654,4.62762582e-05,0.38134707898213716,-6.54630232,0.161994949,0.644521475,4.77321082e-05,0.36145295898213714,-6.4999404,0.162786767,0.635295987,5.15503598e-05,0.407814878982137,,,,,,,,,
1024,640000,dataset_roots/N_640000/h_0.001,0.001,joint_fourier,5,regime_h,h_0.001,14336,889.2301576510072,True,-6.60071802,0.137701198,0.659620166,4.46395461e-05,0.3070372589821364,-6.62467384,0.13781856,0.662354946,4.67836653e-05,0.283081438982137,-6.57738209,0.138978437,0.654258847,4.72116808e-05,0.3303731889821364,,,,,,,,,
1024,640000,dataset_roots/N_640000/h_0.001,0.001,joint_fourier,6,regime_h,h_0.001,14336,849.7540614239406,True,-6.57756948,0.141036272,0.749092877,4.00075623e-05,0.3301857989821366,-6.59514046,0.141519442,0.750899076,4.51109518e-05,0.31261481898213717,-6.55993509,0.141506061,0.74617964,4.57568494e-05,0.34782018898213707,,,,,,,,,
1024,640000,dataset_roots/N_640000/h_0.001,0.001,joint_fourier,7,regime_h,h_0.001,14336,864.7055220530601,True,-6.56154203,0.127091244,0.629947364,5.34246683e-05,0.3462132489821368,-6.5850358,0.126679674,0.627505898,5.6775476e-05,0.3227194789821368,-6.5415535,0.128497973,0.623104036,5.76921047e-05,0.3662017789821368,,,,,,,,,
1024,640000,dataset_roots/N_640000/h_0.001,0.001,joint_fourier,8,regime_h,h_0.001,14336,869.6256823850563,True,-6.58231068,0.124862805,0.703285515,3.2753891e-05,0.32544459898213685,-6.60561085,0.124723867,0.703276575,3.30150215e-05,0.3021444289821371,-6.56078243,0.125735253,0.697583854,3.3082335e-05,0.3469728489821371,,,,,,,,,
1024,640000,dataset_roots/N_640000/h_0.001,0.001,joint_fourier,9,regime_h,h_0.001,14336,850.822603662964,True,-6.60042953,0.117028981,0.708989501,3.61408238e-05,0.3073257489821364,-6.6237483,0.11734423,0.70732373,4.10240864e-05,0.2840069789821369,-6.57533264,0.1183431,0.701729178,4.35711117e-05,0.33242263898213675,,,,,,,,,
1024,640000,dataset_roots/N_640000/h_0.001,0.001,split_fourier,0,regime_h,h_0.001,14336,4408.589446607046,True,-6.546123504638672,0.41324180364608765,0.6390156745910645,,0.36163177434346494,-6.571449279785156,0.4134223461151123,0.6399312019348145,,0.33630599919698057,-6.5221686363220215,0.4157812297344208,0.6365092396736145,,0.38558664266011533,9.517770376987755e-05,9.697351197246462e-05,9.528266673441976e-05,,,,,,
1024,640000,dataset_roots/N_640000/h_0.001,0.001,split_fourier,1,regime_h,h_0.001,14336,4371.145834535011,True,-6.611795902252197,0.34839218854904175,0.6619529724121094,,0.29595937672993955,-6.646374702453613,0.3451337218284607,0.6607438921928406,,0.26138057652852353,-6.592052936553955,0.3509753346443176,0.6548367738723755,,0.31570234242818174,5.293378490023315e-05,5.3575251513393596e-05,5.3111129091121256e-05,,,,,,
1024,640000,dataset_roots/N_640000/h_0.001,0.001,split_fourier,2,regime_h,h_0.001,14336,5160.677250018925,True,-6.587259292602539,0.3829600512981415,0.5878052115440369,,0.32049598637959775,-6.6154327392578125,0.38358625769615173,0.5890988111495972,,0.2923225397243243,-6.5724873542785645,0.3857049345970154,0.5809645652770996,,0.33526792470357236,6.356879748636857e-05,6.426436448236927e-05,6.395403761416674e-05,,,,,,
1024,640000,dataset_roots/N_640000/h_0.001,0.001,split_fourier,3,regime_h,h_0.001,14336,4552.496258592,True,-6.5888590812683105,0.3217207193374634,0.5922121405601501,,0.31889619771382627,-6.615251541137695,0.32332611083984375,0.5889158248901367,,0.2925037378444415,-6.555874824523926,0.32328030467033386,0.5895317196846008,,0.35188045445821103,6.667715206276625e-05,6.729683082085103e-05,6.724497507093474e-05,,,,,,
1024,640000,dataset_roots/N_640000/h_0.001,0.001,split_fourier,4,regime_h,h_0.001,14336,4393.195181504008,True,-6.496474742889404,0.3925047814846039,0.6079848408699036,,0.4112805360927325,-6.515150547027588,0.3935297727584839,0.6068306565284729,,0.3926047319545489,-6.47201681137085,0.3947226405143738,0.5999929308891296,,0.4357384676112872,5.8667668781708926e-05,6.30448485026136e-05,6.662222585873678e-05,,,,,,
1024,640000,dataset_roots/N_640000/h_0.001,0.001,split_fourier,5,regime_h,h_0.001,14336,4385.554179664003,True,-6.606398105621338,0.29182082414627075,0.6240010857582092,,0.3013571733607989,-6.635937213897705,0.29239073395729065,0.6259135007858276,,0.27181806508443174,-6.581985950469971,0.29350098967552185,0.6198614835739136,,0.3257693285121661,4.301753142499365e-05,4.3774205551017076e-05,4.557182182907127e-05,,,,,,
1024,640000,dataset_roots/N_640000/h_0.001,0.001,split_fourier,6,regime_h,h_0.001,14336,4366.6237723940285,True,-6.506752014160156,0.42759135365486145,0.6587216258049011,,0.40100326482198057,-6.530059337615967,0.428096204996109,0.6604562401771545,,0.37769594136617,-6.496307849884033,0.4319445788860321,0.6572914123535156,,0.4114474290981036,8.17504696897231e-05,8.136412361636758e-05,8.157572301570326e-05,,,,,,
1024,640000,dataset_roots/N_640000/h_0.001,0.001,split_fourier,7,regime_h,h_0.001,14336,4601.000456466922,True,-6.553504467010498,0.35524100065231323,0.592853307723999,,0.35425081197163877,-6.5796918869018555,0.35645514726638794,0.5999763607978821,,0.32806339208028135,-6.527708053588867,0.354819655418396,0.5889304280281067,,0.3800472253932696,3.415039100218564e-05,4.163363337283954e-05,4.280471330275759e-05,,,,,,
1024,640000,dataset_roots/N_640000/h_0.001,0.001,split_fourier,8,regime_h,h_0.001,14336,4494.413927442976,True,-6.54019832611084,0.4978369176387787,0.6401407718658447,,0.36755695287129697,-6.564062118530273,0.4977894127368927,0.639408528804779,,0.3436931604518634,-6.521701812744141,0.5027797818183899,0.6366867423057556,,0.3860534662379962,6.324685091385618e-05,6.372186908265576e-05,6.368842150550336e-05,,,,,,
1024,640000,dataset_roots/N_640000/h_0.001,0.001,split_fourier,9,regime_h,h_0.001,14336,4336.823121670983,True,-6.600107669830322,0.36866140365600586,0.5826305150985718,,0.30764760915181455,-6.631674766540527,0.366402268409729,0.580586850643158,,0.27608051244160947,-6.575660705566406,0.37065306305885315,0.5748409628868103,,0.33209457341573057,0.00011149598867632449,0.0001188275491585955,0.00011773824371630326,,,,,,
1024,640000,dataset_roots/N_640000/h_0.001,0.001,arff,0,regime_h,h_0.001,14336,985.7907233029837,True,-6.798770904541016,0.11362508684396744,0.07895564287900925,-0.12653173506259918,0.10898437444112119,-6.778225421905518,0.11303979158401489,0.07687930017709732,-0.12269750982522964,0.12952985707661924,-6.772119998931885,0.11435455828905106,0.07867080718278885,-0.12520825862884521,0.13563528005025205,,,,0.4755859375,0.4838999807834625,0.471699982881546,,,
1024,640000,dataset_roots/N_640000/h_0.001,0.001,arff,1,regime_h,h_0.001,14336,992.0210655799601,True,-6.824794292449951,0.12097664922475815,0.0799577608704567,-0.11983828991651535,0.08296098653218564,-6.834667682647705,0.12042548507452011,0.0778312161564827,-0.11507168412208557,0.07308759633443174,-6.808332443237305,0.12129580229520798,0.07947927713394165,-0.11194877326488495,0.09942283574483213,,,,0.488607794046402,0.49939998984336853,0.48669999837875366,,,
1024,640000,dataset_roots/N_640000/h_0.001,0.001,arff,2,regime_h,h_0.001,14336,990.6865009319736,True,-6.813602924346924,0.30994921922683716,0.08059164881706238,-0.12358039617538452,0.09415235463521299,-6.828946590423584,0.31125757098197937,0.07852686196565628,-0.12203389406204224,0.07880868855855283,-6.802535533905029,0.3094352185726166,0.07998490333557129,-0.121635302901268,0.10521974507710752,,,,0.45557498931884766,0.45339998602867126,0.4488999843597412,,,
1024,640000,dataset_roots/N_640000/h_0.001,0.001,arff,3,regime_h,h_0.001,14336,988.9014259940013,True,-6.829713821411133,0.1112314835190773,0.08156004548072815,-0.1444540172815323,0.078041457571004,-6.845242023468018,0.1106467992067337,0.07948791980743408,-0.14150384068489075,0.06251325551411924,-6.823827743530273,0.11186911165714264,0.08119972795248032,-0.14311295747756958,0.08392753545186338,,,,0.4681812524795532,0.469899982213974,0.4633999764919281,,,
1024,640000,dataset_roots/N_640000/h_0.001,0.001,arff,4,regime_h,h_0.001,14336,984.8372968400363,True,-6.802818775177002,0.22016684710979462,0.08132776618003845,-0.11892995983362198,0.10493650380513486,-6.8293023109436035,0.22028835117816925,0.07911288738250732,-0.11782989650964737,0.0784529680385333,-6.772566318511963,0.22012844681739807,0.08095306158065796,-0.11744649708271027,0.13518896047017392,,,,0.4636593759059906,0.468999981880188,0.46779999136924744,,,
1024,640000,dataset_roots/N_640000/h_0.001,0.001,arff,5,regime_h,h_0.001,14336,991.9847116809106,True,-6.815135955810547,0.12008509039878845,0.07904359698295593,-0.12790626287460327,0.09261932317158994,-6.832660675048828,0.11930381506681442,0.07704147696495056,-0.12672670185565948,0.07509460393330869,-6.782196044921875,0.1206815093755722,0.07859702408313751,-0.12741348147392273,0.12555923406026182,,,,0.472732812166214,0.47699999809265137,0.468999981880188,,,
1024,640000,dataset_roots/N_640000/h_0.001,0.001,arff,6,regime_h,h_0.001,14336,991.766748876893,True,-6.8229169845581055,0.20550623536109924,0.07842312753200531,-0.11245803534984589,0.08483829442403135,-6.821209907531738,0.20560365915298462,0.07615014165639877,-0.11220873892307281,0.08654537145039853,-6.820980072021484,0.20641888678073883,0.07794561237096786,-0.10980837047100067,0.08677520696065244,,,,0.4681468605995178,0.468099981546402,0.45799997448921204,,,
1024,640000,dataset_roots/N_640000/h_0.001,0.001,arff,7,regime_h,h_0.001,14336,982.6620189259993,True,-6.782973289489746,0.11882335692644119,0.07935105264186859,-0.128379687666893,0.12478198949239072,-6.7906107902526855,0.11813684552907944,0.0773123949766159,-0.12376608699560165,0.11714448872945127,-6.763060569763184,0.11948593705892563,0.07892672717571259,-0.12203240394592285,0.14469470921895322,,,,0.4752468764781952,0.4799000024795532,0.4778999984264374,,,
1024,640000,dataset_roots/N_640000/h_0.001,0.001,arff,8,regime_h,h_0.001,14336,985.0443439970259,True,-6.820670127868652,0.11245043575763702,0.07972775399684906,-0.12029770761728287,0.08708515111348447,-6.829759120941162,0.1117575466632843,0.07760696858167648,-0.11935266107320786,0.0779961580409747,-6.80900239944458,0.11293384432792664,0.07923618704080582,-0.11830277740955353,0.09875287953755674,,,,0.46595311164855957,0.4594999849796295,0.460099995136261,,,
1024,640000,dataset_roots/N_640000/h_0.001,0.001,arff,9,regime_h,h_0.001,14336,989.9619402779499,True,-6.8185906410217285,0.11454478651285172,0.07872936874628067,-0.12306036055088043,0.0891646379604083,-6.853046894073486,0.11417406797409058,0.07664859294891357,-0.12330926954746246,0.05470838490865049,-6.792552947998047,0.11522950232028961,0.07840091735124588,-0.12252853810787201,0.11520233098408994,,,,0.4681577980518341,0.47529998421669006,0.4615999758243561,,,
1024,640000,dataset_roots/N_640000/h_0.001,0.001,joint_mlp,0,regime_h,h_0.001,14180,1016.8119889629306,True,-7.76792479,0.0573806614,0.17743963,2.02623814e-05,-0.8601695110178635,-7.80690289,0.0573993176,0.17857635,2.08265865e-05,-0.8991476110178631,-7.73136377,0.0572674423,0.175991803,2.04186381e-05,-0.8236084910178629,,,,,,,,,
1024,640000,dataset_roots/N_640000/h_0.001,0.001,joint_mlp,1,regime_h,h_0.001,14180,1017.8029654949205,True,-7.7812562,0.0612425692,0.14992246,1.86901179e-05,-0.8735009210178628,-7.82506609,0.0612614118,0.149537981,1.87876321e-05,-0.9173108110178632,-7.74334812,0.0611464977,0.148834646,1.87803835e-05,-0.8355928410178635,,,,,,,,,
1024,640000,dataset_roots/N_640000/h_0.001,0.001,joint_mlp,2,regime_h,h_0.001,14180,1025.985676049022,True,-7.76395607,0.054809995,0.175331965,2.9066201e-05,-0.8562007910178631,-7.80053473,0.0550374873,0.174653739,2.92136065e-05,-0.892779451017863,-7.73664427,0.0545580313,0.173331648,2.9146755e-05,-0.8288889910178634,,,,,,,,,
1024,640000,dataset_roots/N_640000/h_0.001,0.001,joint_mlp,3,regime_h,h_0.001,14180,966.0252444100333,True,-7.76909733,0.0549862385,0.154576659,2.50313788e-05,-0.8613420510178633,-7.8102107,0.0550308675,0.156112045,2.53606377e-05,-0.902455421017863,-7.73261786,0.0547914617,0.154272035,2.55122686e-05,-0.8248625810178636,,,,,,,,,
1024,640000,dataset_roots/N_640000/h_0.001,0.001,joint_mlp,4,regime_h,h_0.001,14180,977.9263582939748,True,-7.76439047,0.0600882396,0.143708825,2.52183399e-05,-0.8566351910178636,-7.81671381,0.060144987,0.145824164,2.52378395e-05,-0.9089585310178636,-7.71869993,0.0600363985,0.143235713,2.52421723e-05,-0.8109446510178628,,,,,,,,,
1024,640000,dataset_roots/N_640000/h_0.001,0.001,joint_mlp,5,regime_h,h_0.001,14180,969.3652823090088,True,-7.77228975,0.0559280366,0.147679299,1.88763224e-05,-0.8645344710178628,-7.81513643,0.0559587926,0.148708954,1.88961476e-05,-0.9073811510178631,-7.73891878,0.0555461794,0.146143764,1.89845414e-05,-0.8311635010178628,,,,,,,,,
1024,640000,dataset_roots/N_640000/h_0.001,0.001,joint_mlp,6,regime_h,h_0.001,14180,1018.0539571869886,True,-7.77752542,0.0602697693,0.170623302,2.21881091e-05,-0.8697701410178631,-7.80794287,0.0604167655,0.169938162,2.2297103e-05,-0.9001875910178629,-7.75389814,0.0599858165,0.17021586,2.23687075e-05,-0.8461428610178636,,,,,,,,,
1024,640000,dataset_roots/N_640000/h_0.001,0.001,joint_mlp,7,regime_h,h_0.001,14180,1036.4624081678921,True,-7.77561712,0.057390064,0.158320218,2.28728895e-05,-0.8678618410178629,-7.80926085,0.0574009381,0.160231605,2.30105106e-05,-0.9015055710178634,-7.73505116,0.0571357124,0.158915281,2.29927227e-05,-0.8272958810178634,,,,,,,,,
1024,640000,dataset_roots/N_640000/h_0.001,0.001,joint_mlp,8,regime_h,h_0.001,14180,1031.8910801250022,True,-7.75797892,0.0544700995,0.159019113,2.72365614e-05,-0.8502236410178634,-7.80746365,0.0545376055,0.153867885,2.72778962e-05,-0.899708371017863,-7.71340036,0.054282777,0.157131076,2.72724974e-05,-0.8056450810178628,,,,,,,,,
1024,640000,dataset_roots/N_640000/h_0.001,0.001,joint_mlp,9,regime_h,h_0.001,14180,995.6743945509661,True,-7.77443266,0.059703283,0.196301535,1.98742327e-05,-0.8666773810178636,-7.81430435,0.0596822612,0.198707789,2.00322556e-05,-0.9065490710178628,-7.74089193,0.0595448911,0.194206297,2.00350805e-05,-0.8331366510178633,,,,,,,,,
1024,640000,dataset_roots/N_640000/h_0.001,0.001,split_mlp,0,regime_h,h_0.001,14180,5430.276731100981,True,-7.69464359588623,0.19705156233610108,0.11986116817197594,,-0.7868883169040934,-7.7363967636108395,0.19691485716994173,0.121300516499072,,-0.8286414846287027,-7.655771878814697,0.1982631604930272,0.11977423424259838,,-0.7480165998325603,3.7447189242811874e-05,3.7599271308863536e-05,3.7800993595737964e-05,,,,0.0,0.0,0.0
1024,640000,dataset_roots/N_640000/h_0.001,0.001,split_mlp,1,regime_h,h_0.001,14180,4809.666040669079,True,-7.689625080871582,0.18704165922091884,0.14399215037701332,,-0.781869801889445,-7.721042076873779,0.1867332869293237,0.14412856783357586,,-0.8132867978916423,-7.663535931396485,0.18833782987815545,0.14515273954199473,,-0.755780652414348,4.0190127037931234e-05,4.0196940972236916e-05,4.0307098970515653e-05,,,,0.0,0.0,0.0
1024,640000,dataset_roots/N_640000/h_0.001,0.001,split_mlp,2,regime_h,h_0.001,14180,5008.431948850048,True,-7.651691613769532,0.19272931736922772,0.13651889063449693,,-0.7439363347873948,-7.687751178741455,0.19270171005714065,0.13549583787087977,,-0.7799958997593182,-7.629288738250732,0.19313006280689118,0.13689531572794114,,-0.7215334592685956,6.307139119599015e-05,6.341499101836234e-05,6.318903615465388e-05,,,,0.0,0.0,0.0
1024,640000,dataset_roots/N_640000/h_0.001,0.001,split_mlp,3,regime_h,h_0.001,14180,4823.770359863993,True,-7.686339500427246,0.183511007311523,0.10979640391580339,,-0.7785842214451089,-7.725323556518554,0.18374471334138062,0.1097053022723459,,-0.8175682775364175,-7.659606281280517,0.18393103034106256,0.10764314929190746,,-0.7518510022983804,5.0204438593937084e-05,5.033667548559606e-05,5.05217831232585e-05,,,,0.0,0.0,0.0
1024,640000,dataset_roots/N_640000/h_0.001,0.001,split_mlp,4,regime_h,h_0.001,14180,4806.644551091944,True,-7.6653075103759765,0.2028522010812619,0.11592475277544348,,-0.7575522313938396,-7.693951343536377,0.20212694828926556,0.11496557599576356,,-0.7861960645542405,-7.637019420623779,0.20491625475738584,0.11628762024509787,,-0.7292641416416421,5.2467792556853965e-05,5.275624062051065e-05,5.255307405604981e-05,,,,0.0,0.0,0.0
1024,640000,dataset_roots/N_640000/h_0.001,0.001,split_mlp,5,regime_h,h_0.001,14180,5119.958587909932,True,-7.688238627624512,0.18348591668538172,0.13257368622146884,,-0.7804833486423748,-7.723539743804932,0.18282347827254972,0.13386899716655504,,-0.8157844648227952,-7.654198293304443,0.1846876421962332,0.13222187292119847,,-0.7464430143223062,3.399122579139657e-05,3.405032475711778e-05,3.4051092370646074e-05,,,,0.0,0.0,0.0
1024,640000,dataset_roots/N_640000/h_0.001,0.001,split_mlp,6,regime_h,h_0.001,14180,5025.286151202978,True,-7.665214105224609,0.20733372462981037,0.1532395620677063,,-0.7574588262424724,-7.702115802001953,0.20688870799345932,0.1527020714592181,,-0.7943605230198161,-7.645167956542969,0.20861941389404853,0.15250351583056657,,-0.7374126775608323,4.2461309931240976e-05,4.260478090145625e-05,4.252722646924667e-05,,,,0.0,0.0,0.0
1024,640000,dataset_roots/N_640000/h_0.001,0.001,split_mlp,7,regime_h,h_0.001,14180,5039.528842168977,True,-7.7068200775146485,0.17043879368670736,0.131487280076137,,-0.7990647985325117,-7.7517340431213375,0.1702677056695744,0.13220100289676176,,-0.8439787641392007,-7.6752087677001954,0.171239198749606,0.1299001249492815,,-0.7674534887180586,5.101488932268694e-05,5.1247276132926345e-05,5.140807115822099e-05,,,,0.0,0.0,0.0
1024,640000,dataset_roots/N_640000/h_0.001,0.001,split_mlp,8,regime_h,h_0.001,14180,5077.099097448983,True,-7.709307331085205,0.17135113576133423,0.14503591224362347,,-0.8015520521030686,-7.743191571807861,0.17148222056986723,0.14601094380968116,,-0.8354362928257242,-7.685501582336426,0.17245723578513034,0.14475496881038777,,-0.7777463033542888,3.37828641931992e-05,3.392232611076906e-05,3.404213202884421e-05,,,,0.0,0.0,0.0
1024,640000,dataset_roots/N_640000/h_0.001,0.001,split_mlp,9,regime_h,h_0.001,14180,4969.351033188985,True,-7.690917253112793,0.20131989601117709,0.12265600618209192,,-0.7831619741306559,-7.723133523559571,0.20129104353469385,0.12244142792203253,,-0.8153782445774338,-7.6666605735778806,0.202440551012757,0.12332083644004575,,-0.7589052945957437,5.665380012942478e-05,5.774991223006509e-05,5.781303480034694e-05,,,,0.0,0.0,0.0
1024,640000,dataset_roots/N_640000/h_0.0015,0.0015,joint_fourier,0,regime_h,h_0.0015,14336,921.2149572550552,False,-6.15015316,0.10406933,0.645661235,6.20827777e-05,0.35213701087397187,-6.16487551,0.103892848,0.647102654,6.33137242e-05,0.3374146608739723,-6.12031698,0.104609214,0.643167913,6.29573988e-05,0.3819731908739721,,,,,,,,,
1024,640000,dataset_roots/N_640000/h_0.0015,0.0015,joint_fourier,1,regime_h,h_0.0015,14336,899.3275580740301,False,-6.16974831,0.126102567,0.837027431,4.10775319e-05,0.3325418608739721,-6.186131,0.126300275,0.842970252,4.13924645e-05,0.3161591708739726,-6.15864992,0.126830637,0.820964873,4.15508184e-05,0.343640250873972,,,,,,,,,
1024,640000,dataset_roots/N_640000/h_0.0015,0.0015,joint_fourier,2,regime_h,h_0.0015,14336,863.70464920206,False,-6.11348295,0.108361363,0.63503933,5.43109454e-05,0.38880722087397235,-6.13463593,0.108098485,0.633305609,5.48763965e-05,0.36765424087397225,-6.09587288,0.109481037,0.628951788,5.4153581e-05,0.40641729087397227,,,,,,,,,
1024,640000,dataset_roots/N_640000/h_0.0015,0.0015,joint_fourier,3,regime_h,h_0.0015,14336,876.9568484189222,False,-6.1524663,0.133345187,0.620421171,4.93907864e-05,0.3498238708739718,-6.16628265,0.134732276,0.618596077,4.97068359e-05,0.3360075208739719,-6.11917019,0.133218035,0.61846602,5.01989234e-05,0.38311998087397203,,,,,,,,,
1024,640000,dataset_roots/N_640000/h_0.0015,0.0015,joint_fourier,4,regime_h,h_0.0015,14336,884.4778885580599,False,-6.09908295,0.117904805,0.58293438,4.8090511e-05,0.40320722087397254,-6.11374998,0.118746214,0.582082808,4.81399111e-05,0.3885401908739725,-6.07238436,0.118346043,0.575600922,4.86842109e-05,0.42990581087397217,,,,,,,,,
1024,640000,dataset_roots/N_640000/h_0.0015,0.0015,joint_fourier,5,regime_h,h_0.0015,14336,885.3314416669309,False,-6.15041018,0.112454139,0.627428055,5.54173785e-05,0.3518799908739725,-6.1687398,0.114204444,0.631292939,5.9551945e-05,0.3335503708739722,-6.13441229,0.112168878,0.623690665,6.78332144e-05,0.367877880873972,,,,,,,,,
1024,640000,dataset_roots/N_640000/h_0.0015,0.0015,joint_fourier,6,regime_h,h_0.0015,14336,896.9302047020756,False,-6.11812973,0.121658549,0.668100178,3.69521113e-05,0.3841604408739725,-6.14524889,0.121931016,0.669649422,4.27763553e-05,0.3570412808739718,-6.12346554,0.121971302,0.664705038,4.29162974e-05,0.37882463087397245,,,,,,,,,
1024,640000,dataset_roots/N_640000/h_0.0015,0.0015,joint_fourier,7,regime_h,h_0.0015,14336,881.993783388054,False,-6.10956526,0.110083722,0.54713887,5.23460949e-05,0.3927249108739721,-6.12043953,0.111099482,0.545467675,5.78760228e-05,0.3818506408739726,-6.10006285,0.110067479,0.541126966,5.33394486e-05,0.4022273208739726,,,,,,,,,
1024,640000,dataset_roots/N_640000/h_0.0015,0.0015,joint_fourier,8,regime_h,h_0.0015,14336,886.639131765929,False,-6.13429117,0.114997983,0.657605052,5.03869051e-05,0.3679990008739722,-6.15428019,0.115123302,0.657241821,5.10549544e-05,0.3480099808739725,-6.11244965,0.115015961,0.653336942,5.13117411e-05,0.3898405208739719,,,,,,,,,
1024,640000,dataset_roots/N_640000/h_0.0015,0.0015,joint_fourier,9,regime_h,h_0.0015,14336,854.131511538988,False,-6.16519499,0.114450604,0.689127326,5.53889076e-05,0.3370951808739724,-6.18632555,0.115614139,0.689521611,5.88198491e-05,0.3159646208739719,-6.14879417,0.114401884,0.680022895,5.88023904e-05,0.3534960008739718,,,,,,,,,
1024,640000,dataset_roots/N_640000/h_0.0015,0.0015,split_fourier,0,regime_h,h_0.0015,14336,4715.595843320014,False,-6.06758975982666,0.34105396270751953,0.5980103611946106,,0.43470041104731205,-6.087788105010986,0.3407796025276184,0.5978833436965942,,0.4145020658629859,-6.052588939666748,0.3430580198764801,0.5988439321517944,,0.44970123120722416,9.831052739173174e-05,9.919964213622734e-05,0.00010166801803279668,,,,,,
1024,640000,dataset_roots/N_640000/h_0.0015,0.0015,split_fourier,1,regime_h,h_0.0015,14336,4350.166526287096,False,-6.156280994415283,0.30056169629096985,0.5581034421920776,,0.346009176458689,-6.173389911651611,0.30192962288856506,0.560736358165741,,0.3289002592223609,-6.147665023803711,0.2996343970298767,0.5518141984939575,,0.35462514707026127,7.206590817077085e-05,7.395309512503445e-05,7.340955926338211e-05,,,,,,
1024,640000,dataset_roots/N_640000/h_0.0015,0.0015,split_fourier,2,regime_h,h_0.0015,14336,4642.434920495027,False,-6.121991157531738,0.2756301462650299,0.5150526762008667,,0.3802990133422339,-6.131929397583008,0.2754921019077301,0.5173472762107849,,0.3703607732909644,-6.111114025115967,0.2770993709564209,0.5097686648368835,,0.3911761457580054,7.112384628271684e-05,7.617378287250176e-05,9.017308184411377e-05,,,,,,
1024,640000,dataset_roots/N_640000/h_0.0015,0.0015,split_fourier,3,regime_h,h_0.0015,14336,4494.318331030896,False,-6.149693489074707,0.3193787634372711,0.5466923117637634,,0.3525966817992652,-6.166769981384277,0.3201011121273041,0.5438022613525391,,0.33552018948969486,-6.125057220458984,0.320505291223526,0.5456801056861877,,0.37723295041498783,6.122477498138323e-05,6.151139677967876e-05,6.212219886947423e-05,,,,,,
1024,640000,dataset_roots/N_640000/h_0.0015,0.0015,split_fourier,4,regime_h,h_0.0015,14336,4414.808824892854,False,-6.102463245391846,0.3239147663116455,0.570645809173584,,0.3998269254821265,-6.127673625946045,0.32439425587654114,0.5670596361160278,,0.3746165449279273,-6.088561534881592,0.3237908184528351,0.5645362734794617,,0.4137286359923804,6.367149035213515e-05,6.396786193363369e-05,6.44082174403593e-05,,,,,,
1024,640000,dataset_roots/N_640000/h_0.0015,0.0015,split_fourier,5,regime_h,h_0.0015,14336,4446.636325269006,False,-6.148466110229492,0.26049119234085083,0.538514256477356,,0.35382406064448,-6.1711225509643555,0.262162983417511,0.5394353270530701,,0.33116761990961674,-6.137049198150635,0.2591288387775421,0.5349570512771606,,0.36524097272333744,0.0001093048122129403,0.00010953196760965511,0.0001121282548410818,,,,,,
1024,640000,dataset_roots/N_640000/h_0.0015,0.0015,split_fourier,6,regime_h,h_0.0015,14336,4692.952328599058,False,-6.081553936004639,0.31411823630332947,0.5988107323646545,,0.42073623486933354,-6.104327201843262,0.31206968426704407,0.6014954447746277,,0.3979629690307105,-6.091095924377441,0.31453678011894226,0.5977035164833069,,0.4111942464965308,8.040579996304587e-05,8.466580038657412e-05,8.560976129956543e-05,,,,,,
1024,640000,dataset_roots/N_640000/h_0.0015,0.0015,split_fourier,7,regime_h,h_0.0015,14336,4657.7714788669255,False,-6.120064735412598,0.29650118947029114,0.5752506852149963,,0.38222543546137455,-6.137814521789551,0.2973519265651703,0.5873898267745972,,0.3644756490844214,-6.1186418533325195,0.29779332876205444,0.5736046433448792,,0.3836483175414527,4.177663868176751e-05,4.40848853031639e-05,6.07451620453503e-05,,,,,,
1024,640000,dataset_roots/N_640000/h_0.0015,0.0015,split_fourier,8,regime_h,h_0.0015,14336,5276.967876079027,False,-6.115926742553711,0.2645147442817688,0.6031676530838013,,0.38636342832026127,-6.136850833892822,0.26517271995544434,0.6033231019973755,,0.36543933698114994,-6.100205898284912,0.26534733176231384,0.5977593660354614,,0.4020842725890601,6.594412843696773e-05,6.669967842753977e-05,6.667924753855914e-05,,,,,,
1024,640000,dataset_roots/N_640000/h_0.0015,0.0015,split_fourier,9,regime_h,h_0.0015,14336,4394.073576515075,False,-6.134485721588135,0.3435662090778351,0.585182249546051,,0.36780444928583744,-6.157693386077881,0.3451165556907654,0.5861740112304688,,0.34459678479609135,-6.128984451293945,0.34301313757896423,0.5778203010559082,,0.3733057195800269,0.00010678013495635241,0.00010647004819475114,0.00010641870176186785,,,,,,
1024,640000,dataset_roots/N_640000/h_0.0015,0.0015,arff,0,regime_h,h_0.0015,14336,988.9353170180693,False,-6.26396369934082,0.08776901662349701,0.0796506255865097,-0.1112726554274559,0.2383264715331519,-6.219899654388428,0.08795227855443954,0.077511727809906,-0.11136831343173981,0.2823905164855445,-6.181363582611084,0.08824647963047028,0.07927442342042923,-0.10902135074138641,0.3209265882628882,,,,0.47769686579704285,0.4854999780654907,0.4761999845504761,,,
1024,640000,dataset_roots/N_640000/h_0.0015,0.0015,arff,1,regime_h,h_0.0015,14336,985.8962549311109,False,-6.255922317504883,0.09397056698799133,0.0809774249792099,-0.10809516906738281,0.2463678533690894,-6.212759017944336,0.09401506185531616,0.07881677895784378,-0.105941541492939,0.28953115292963627,-6.1948418617248535,0.09395025670528412,0.08042334020137787,-0.10588253289461136,0.3074483091491187,,,,0.4557046890258789,0.4530999958515167,0.45179998874664307,,,
1024,640000,dataset_roots/N_640000/h_0.0015,0.0015,arff,2,regime_h,h_0.0015,14336,986.9340263169724,False,-6.273459434509277,0.1792767494916916,0.08212514221668243,-0.12742243707180023,0.22883073636469486,-6.23032808303833,0.18053318560123444,0.08005234599113464,-0.1263849139213562,0.27196208783564213,-6.2017903327941895,0.17941591143608093,0.0817929357290268,-0.12631456553936005,0.30049983807978276,,,,0.46754685044288635,0.4713999927043915,0.46459999680519104,,,
1024,640000,dataset_roots/N_640000/h_0.0015,0.0015,arff,3,regime_h,h_0.0015,14336,990.198372378014,False,-6.249031066894531,0.08841861039400101,0.08129953593015671,-0.11582372337579727,0.25325910397944096,-6.229268550872803,0.08858738839626312,0.07922076433897018,-0.1100454330444336,0.2730216200011695,-6.187434196472168,0.08865082263946533,0.0807422325015068,-0.10841917991638184,0.31485597440180424,,,,0.4660031199455261,0.46789997816085815,0.45719999074935913,,,
1024,640000,dataset_roots/N_640000/h_0.0015,0.0015,arff,4,regime_h,h_0.0015,14336,988.7621384689119,False,-6.262372016906738,0.1192324087023735,0.07942909002304077,-0.15171580016613007,0.23991815396723393,-6.229009628295898,0.12022635340690613,0.0773121789097786,-0.14111779630184174,0.27328054257807377,-6.183896541595459,0.11947023868560791,0.0790783241391182,-0.14081604778766632,0.3183936292785132,,,,0.4547874927520752,0.45499998331069946,0.44909998774528503,,,
1024,640000,dataset_roots/N_640000/h_0.0015,0.0015,arff,5,regime_h,h_0.0015,14336,990.4931433289312,False,-6.268486976623535,0.09516839683055878,0.08128140866756439,-0.13516944646835327,0.23380319425043705,-6.247091293334961,0.09549412131309509,0.07934291660785675,-0.12908980250358582,0.25519887753901127,-6.214670658111572,0.0951758623123169,0.08087221533060074,-0.13422244787216187,0.28761951276239994,,,,0.4538484215736389,0.45350000262260437,0.45179998874664307,,,
1024,640000,dataset_roots/N_640000/h_0.0015,0.0015,arff,6,regime_h,h_0.0015,14336,983.0030786090065,False,-6.232803821563721,0.15704959630966187,0.07949305325746536,-0.13593903183937073,0.2694863493102515,-6.140623092651367,0.15816551446914673,0.07717476040124893,-0.13397787511348724,0.361667078222605,-6.162415981292725,0.1572241485118866,0.07910080254077911,-0.1326911598443985,0.3398741895812476,,,,0.4606671631336212,0.46629998087882996,0.4462999999523163,,,
1024,640000,dataset_roots/N_640000/h_0.0015,0.0015,arff,7,regime_h,h_0.0015,14336,991.1662783878855,False,-6.282833576202393,0.08892765641212463,0.07996514439582825,-0.14271655678749084,0.21945659467157963,-6.271240234375,0.08882180601358414,0.07794875651597977,-0.14200498163700104,0.2310499364989722,-6.247176647186279,0.08940192312002182,0.0794689953327179,-0.14154553413391113,0.2551135236876929,,,,0.46468591690063477,0.4691999852657318,0.4585999846458435,,,
1024,640000,dataset_roots/N_640000/h_0.0015,0.0015,arff,8,regime_h,h_0.0015,14336,990.4103197930381,False,-6.276236057281494,0.11422634869813919,0.08020429313182831,-0.11419235914945602,0.22605411359247807,-6.245232582092285,0.11464188992977142,0.0780143290758133,-0.11387386173009872,0.25705758878168705,-6.237882614135742,0.11404813826084137,0.07981720566749573,-0.11394461244344711,0.26440755673823,,,,0.4603671729564667,0.46369999647140503,0.4512999951839447,,,
1024,640000,dataset_roots/N_640000/h_0.0015,0.0015,arff,9,regime_h,h_0.0015,14336,1012.5463262179401,False,-6.235278129577637,0.0888318419456482,0.079022116959095,-0.13101337850093842,0.2670120412963355,-6.214583396911621,0.08889607340097427,0.0768774002790451,-0.1307464838027954,0.2877067739623511,-6.149994373321533,0.0893445611000061,0.07877090573310852,-0.1289474070072174,0.352295797552439,,,,0.466098427772522,0.4652999937534332,0.45509999990463257,,,
1024,640000,dataset_roots/N_640000/h_0.0015,0.0015,joint_mlp,0,regime_h,h_0.0015,14180,979.8260263339616,False,-7.21133423,0.0545784421,0.134172007,2.46741856e-05,-0.7090440591260281,-7.21409416,0.0546399243,0.135867611,2.47976059e-05,-0.7118039891260279,-7.17903423,0.0543508269,0.133941934,2.48635406e-05,-0.6767440591260279,,,,,,,,,
1024,640000,dataset_roots/N_640000/h_0.0015,0.0015,joint_mlp,1,regime_h,h_0.0015,14180,1021.7704707721714,False,-7.20394182,0.0627875105,0.166145414,1.78064583e-05,-0.7016516491260276,-7.21212959,0.0629630461,0.163666919,1.78660266e-05,-0.7098394191260278,-7.17692709,0.0626011044,0.165492699,1.78403079e-05,-0.6746369191260282,,,,,,,,,
1024,640000,dataset_roots/N_640000/h_0.0015,0.0015,joint_mlp,2,regime_h,h_0.0015,14180,1026.8178523508832,False,-7.20108271,0.0589753762,0.167026058,2.81369739e-05,-0.6987925391260275,-7.20888424,0.0589954257,0.167982787,2.83507306e-05,-0.7065940691260275,-7.17622948,0.0586913265,0.166286662,2.8233997e-05,-0.6739393091260277,,,,,,,,,
1024,640000,dataset_roots/N_640000/h_0.0015,0.0015,joint_mlp,3,regime_h,h_0.0015,14180,1025.8444694168866,False,-7.20968866,0.0714449584,0.15736331,2.34602976e-05,-0.7073984891260281,-7.22410154,0.0713980868,0.157518849,2.35812277e-05,-0.7218113691260282,-7.17737007,0.0712514222,0.156928062,2.36057404e-05,-0.6750798991260281,,,,,,,,,
1024,640000,dataset_roots/N_640000/h_0.0015,0.0015,joint_mlp,4,regime_h,h_0.0015,14180,986.9331461940892,False,-7.1979537,0.0577059127,0.17072165,2.06377645e-05,-0.695663529126028,-7.20474911,0.057820037,0.172427729,2.08533056e-05,-0.7024589391260276,-7.16775465,0.0574788488,0.169949129,2.0772628e-05,-0.6654644791260278,,,,,,,,,
1024,640000,dataset_roots/N_640000/h_0.0015,0.0015,joint_mlp,5,regime_h,h_0.0015,14180,1028.0090311269742,False,-7.20699215,0.0603165552,0.143927008,2.28332538e-05,-0.7047019791260274,-7.21135616,0.0604553409,0.144256979,2.30779624e-05,-0.709065989126028,-7.17715693,0.0601384342,0.143129051,2.28436274e-05,-0.6748667591260276,,,,,,,,,
1024,640000,dataset_roots/N_640000/h_0.0015,0.0015,joint_mlp,6,regime_h,h_0.0015,14180,1038.3395313289948,False,-7.21257114,0.0608631372,0.148148537,2.39195579e-05,-0.7102809691260275,-7.21960926,0.0608602166,0.148967266,2.40261052e-05,-0.7173190891260282,-7.19370222,0.0607277863,0.147448331,2.43264276e-05,-0.6914120491260274,,,,,,,,,
1024,640000,dataset_roots/N_640000/h_0.0015,0.0015,joint_mlp,7,regime_h,h_0.0015,14180,1010.4438053448685,False,-7.20116138,0.061305251,0.150335625,1.78183454e-05,-0.6988712091260281,-7.20873594,0.0613839217,0.151560187,1.79343933e-05,-0.7064457691260282,-7.17844582,0.0611997992,0.15135394,1.82333679e-05,-0.6761556491260281,,,,,,,,,
1024,640000,dataset_roots/N_640000/h_0.0015,0.0015,joint_mlp,8,regime_h,h_0.0015,14180,992.1530853549484,False,-7.17995214,0.0579154603,0.160514757,2.4159237e-05,-0.6776619691260279,-7.18924046,0.0579272844,0.159960568,2.42183487e-05,-0.6869502891260275,-7.15634108,0.057748463,0.16014345,2.41865073e-05,-0.6540509091260276,,,,,,,,,
1024,640000,dataset_roots/N_640000/h_0.0015,0.0015,joint_mlp,9,regime_h,h_0.0015,14180,995.9432825020049,False,-7.19217968,0.0619209334,0.147937462,2.27184701e-05,-0.6898895091260275,-7.19831705,0.0619127266,0.14797172,2.27402143e-05,-0.6960268791260278,-7.15944815,0.0617656335,0.148195729,2.28219069e-05,-0.657157979126028,,,,,,,,,
1024,640000,dataset_roots/N_640000/h_0.0015,0.0015,split_mlp,0,regime_h,h_0.0015,14180,5120.214226098033,False,-7.126742108154297,0.22895091420048844,0.12290685340118127,,-0.624451937280325,-7.146095517730713,0.22889798195652095,0.11961551551519803,,-0.6438053468567411,-7.108081451416016,0.2306011794833565,0.12204197891712981,,-0.6057912805420438,3.363865107530728e-05,3.37601377395913e-05,3.385878153494559e-05,,,,0.0,0.0,0.0
1024,640000,dataset_roots/N_640000/h_0.0015,0.0015,split_mlp,1,regime_h,h_0.0015,14180,4852.747386820847,False,-7.146494297790527,0.16072062959804911,0.11712373249089575,,-0.6442041269165548,-7.161006079101562,0.16150358999510875,0.11748666712189895,,-0.65871590822759,-7.128426205444336,0.16083059638888825,0.11700024151940264,,-0.6261360345703642,2.3488441001973115e-05,2.360946382395923e-05,2.363851308473386e-05,,,,0.0,0.0,0.0
1024,640000,dataset_roots/N_640000/h_0.0015,0.0015,split_mlp,2,regime_h,h_0.0015,14180,4890.627478137147,False,-7.152200937652588,0.16269424004944638,0.13182578989417235,,-0.6499107667786159,-7.162906602478027,0.1633573503159392,0.1326603307278441,,-0.6606164316040548,-7.141253744506836,0.16250397267180178,0.13108026039128481,,-0.6389635736328634,3.7526959204114974e-05,3.80166748072952e-05,3.76441894331947e-05,,,,0.0,0.0,0.0
1024,640000,dataset_roots/N_640000/h_0.0015,0.0015,split_mlp,3,regime_h,h_0.0015,14180,4932.697637191042,False,-7.133336874389649,0.19792792180480684,0.11433256528246329,,-0.6310467035156764,-7.156769158935547,0.1990651485566738,0.11202268130551507,,-0.6544789880615749,-7.121082215881348,0.197318532855691,0.11353770100177295,,-0.6187920450073756,2.924924592662137e-05,2.94859546556836e-05,2.9380958949332125e-05,,,,0.0,0.0,0.0
1024,640000,dataset_roots/N_640000/h_0.0015,0.0015,split_mlp,4,regime_h,h_0.0015,14180,5125.375814963132,False,-7.162144384765625,0.13471626193280203,0.1278404971536368,,-0.659854213891653,-7.169799178314209,0.13492835876792705,0.12890978957228494,,-0.6675090074402368,-7.143632573699951,0.1350583389659036,0.12781526188465467,,-0.6413424028259787,4.169281601207331e-05,4.197308226139285e-05,4.172629633103497e-05,,,,0.0,0.0,0.0
1024,640000,dataset_roots/N_640000/h_0.0015,0.0015,split_mlp,5,regime_h,h_0.0015,14180,4708.759673328139,False,-7.166777397155761,0.12376805264997891,0.12424377569468867,,-0.6644872262817891,-7.1750814140319825,0.12433741245052855,0.12445260259258001,,-0.6727912431580103,-7.144043560028076,0.12334014009837758,0.12486796833419866,,-0.6417533891541041,3.734526035259478e-05,3.7374546081991866e-05,3.744312562048435e-05,,,,0.0,0.0,0.0
1024,640000,dataset_roots/N_640000/h_0.0015,0.0015,split_mlp,6,regime_h,h_0.0015,14180,5087.219545522006,False,-7.130769291687011,0.16855055780033662,0.1228335365898134,,-0.6284791208130391,-7.145221092224121,0.16878532614995448,0.12330007034408808,,-0.6429309213501488,-7.110958422851563,0.16833134661941027,0.12279974654211788,,-0.6086682519775906,2.6662766686058603e-05,2.6820081984624267e-05,2.680832039914094e-05,,,,0.0,0.0,0.0
1024,640000,dataset_roots/N_640000/h_0.0015,0.0015,split_mlp,7,regime_h,h_0.0015,14180,4905.332166989101,False,-7.127524214935303,0.1649432396148816,0.14111083716219192,,-0.6252340440613304,-7.1464088249206545,0.16571603887572425,0.14221334897159973,,-0.6441186540466823,-7.104384666442871,0.1646990752325315,0.14102458815371566,,-0.6020944955688989,3.814954834524542e-05,3.851956353173591e-05,3.8407542888307944e-05,,,,0.0,0.0,0.0
1024,640000,dataset_roots/N_640000/h_0.0015,0.0015,split_mlp,8,regime_h,h_0.0015,14180,4859.382513399934,False,-7.171386843109131,0.1451111367189267,0.1211107648084007,,-0.6690966722351588,-7.181963962554931,0.14553615065328462,0.12196567317081879,,-0.6796737916809592,-7.152564427947998,0.14532595464342213,0.12073669622679445,,-0.6502742570740256,2.8647829822148196e-05,2.8813088647439145e-05,2.8754260711139068e-05,,,,0.0,0.0,0.0
1024,640000,dataset_roots/N_640000/h_0.0015,0.0015,split_mlp,9,regime_h,h_0.0015,14180,5093.297738778871,False,-7.171348001861572,0.14307467021365655,0.1440422465947615,,-0.6690578309876001,-7.17804475479126,0.143746362741694,0.14506033390413706,,-0.6757545839172874,-7.148132048034668,0.14262319707331003,0.14361326779155079,,-0.645841877160696,3.140810440527275e-05,3.144514630548656e-05,3.1443265470443293e-05,,,,0.0,0.0,0.0
1024,640000,dataset_roots/N_640000/h_0.002,0.002,joint_fourier,0,regime_h,h_0.002,14336,858.0223058119882,False,-5.79170609,0.112002946,0.618031681,7.07145518e-05,0.4229020084221915,-5.80319691,0.111499965,0.618419766,7.33370034e-05,0.4114111884221918,-5.76573563,0.111728474,0.615980804,7.14488924e-05,0.4488724684221914,,,,,,,,,
1024,640000,dataset_roots/N_640000/h_0.002,0.002,joint_fourier,1,regime_h,h_0.002,14336,843.9895865079015,False,-5.81267405,0.0949438885,0.784259558,5.17085609e-05,0.4019340484221914,-5.82824707,0.0948598087,0.790561974,5.23034687e-05,0.38636102842219167,-5.80411434,0.0947971642,0.770669281,5.18920642e-05,0.4104937584221915,,,,,,,,,
1024,640000,dataset_roots/N_640000/h_0.002,0.002,joint_fourier,2,regime_h,h_0.002,14336,844.1775924679823,False,-5.79540777,0.112160824,0.603206336,7.51412663e-05,0.4192003284221917,-5.81199121,0.112362392,0.601846278,7.51873667e-05,0.402616888422191,-5.79666376,0.113036685,0.596451283,7.50468025e-05,0.41794433842219103,,,,,,,,,
1024,640000,dataset_roots/N_640000/h_0.002,0.002,joint_fourier,3,regime_h,h_0.002,14336,878.2371625739615,False,-5.81856298,0.101968095,0.603457153,6.0327573e-05,0.39604511842219114,-5.83403587,0.102687836,0.601794958,6.11013675e-05,0.3805722284221913,-5.78343821,0.102926537,0.601027668,6.04829802e-05,0.4311698884221915,,,,,,,,,
1024,640000,dataset_roots/N_640000/h_0.002,0.002,joint_fourier,4,regime_h,h_0.002,14336,853.3562977130059,False,-5.77232885,0.0812873766,0.573830247,7.29287494e-05,0.44227924842219135,-5.77788973,0.0811486542,0.574437916,7.36813599e-05,0.43671836842219136,-5.75343466,0.0817206353,0.567783177,7.39487878e-05,0.4611734384221915,,,,,,,,,
1024,640000,dataset_roots/N_640000/h_0.002,0.002,joint_fourier,5,regime_h,h_0.002,14336,838.767299256986,False,-5.80543327,0.122420654,0.580794632,8.16412939e-05,0.40917482842219144,-5.82882023,0.122682594,0.585294247,8.31418365e-05,0.3857878684221916,-5.79039288,0.122386925,0.578229547,8.31403522e-05,0.4242152184221917,,,,,,,,,
1024,640000,dataset_roots/N_640000/h_0.002,0.002,joint_fourier,6,regime_h,h_0.002,14336,847.6714901311789,False,-5.77354383,0.0848193169,0.645495415,5.24238021e-05,0.44106426842219104,-5.78658819,0.0845270827,0.647399247,5.51459161e-05,0.4280199084221916,-5.77603579,0.0851331949,0.642094433,5.61750712e-05,0.4385723084221915,,,,,,,,,
1024,640000,dataset_roots/N_640000/h_0.002,0.002,joint_fourier,7,regime_h,h_0.002,14336,889.6990754830185,False,-5.77033758,0.102321796,0.53147471,7.36327129e-05,0.4442705184221918,-5.78059244,0.102647781,0.530581236,8.11436403e-05,0.43401565842219103,-5.75808477,0.102401055,0.525951385,7.45308207e-05,0.45652332842219145,,,,,,,,,
1024,640000,dataset_roots/N_640000/h_0.002,0.002,joint_fourier,8,regime_h,h_0.002,14336,858.2168698839378,False,-5.78843451,0.11388009,0.622016788,3.73322073e-05,0.42617358842219133,-5.80366945,0.114624597,0.622028708,3.74796364e-05,0.4109386484221913,-5.77236176,0.113982484,0.617778242,3.73906078e-05,0.4422463384221915,,,,,,,,,
1024,640000,dataset_roots/N_640000/h_0.002,0.002,joint_fourier,9,regime_h,h_0.002,14336,844.2713481211103,False,-5.81312895,0.103929333,0.640930295,6.71599119e-05,0.4014791484221911,-5.82826376,0.105238132,0.641789615,6.76016643e-05,0.38634433842219185,-5.79607105,0.103631675,0.631477594,6.74569383e-05,0.4185370484221913,,,,,,,,,
1024,640000,dataset_roots/N_640000/h_0.002,0.002,split_fourier,0,regime_h,h_0.002,14336,4518.264799403958,False,-5.7785563468933105,0.25269874930381775,0.5686073303222656,,0.43605175152888087,-5.7911529541015625,0.25172603130340576,0.5677286982536316,,0.4234551443206289,-5.760146141052246,0.25436508655548096,0.5678005218505859,,0.4544619573699453,9.699259680928662e-05,0.00010041605128208175,9.86168670351617e-05,,,,,,
1024,640000,dataset_roots/N_640000/h_0.002,0.002,split_fourier,1,regime_h,h_0.002,14336,4431.603682804853,False,-5.837637901306152,0.2777182459831238,0.5590713024139404,,0.3769701971160391,-5.856259822845459,0.2764604389667511,0.5593132376670837,,0.35834827557673243,-5.837441444396973,0.27821436524391174,0.5529056191444397,,0.37716665402521876,7.41597032174468e-05,7.476349856005982e-05,7.499297498725355e-05,,,,,,
1024,640000,dataset_roots/N_640000/h_0.002,0.002,split_fourier,2,regime_h,h_0.002,14336,4579.76424410101,False,-5.809508323669434,0.22693493962287903,0.4978156089782715,,0.4050997747527578,-5.808071136474609,0.22683332860469818,0.503368616104126,,0.40653696194758204,-5.812545299530029,0.22783532738685608,0.4919196367263794,,0.4020627988921621,9.567014058120549e-05,9.582962957210839e-05,9.642761870054528e-05,,,,,,
1024,640000,dataset_roots/N_640000/h_0.002,0.002,split_fourier,3,regime_h,h_0.002,14336,4363.604363498976,False,-5.7993621826171875,0.23962242901325226,0.5413805842399597,,0.4152459158050039,-5.818100452423096,0.24027776718139648,0.5398501753807068,,0.3965076459990957,-5.785403728485107,0.2387932538986206,0.5389803647994995,,0.429204369937084,8.33274025353603e-05,8.428090950474143e-05,8.62469314597547e-05,,,,,,
1024,640000,dataset_roots/N_640000/h_0.002,0.002,split_fourier,4,regime_h,h_0.002,14336,4403.094518176047,False,-5.775206089019775,0.24390928447246552,0.5214023590087891,,0.439402009402416,-5.791130542755127,0.24310994148254395,0.5202118158340454,,0.42347755566706446,-5.761724472045898,0.24303226172924042,0.515936017036438,,0.452883626376293,0.00010342068708268926,0.00010389691306045279,0.00010613077756715938,,,,,,
1024,640000,dataset_roots/N_640000/h_0.002,0.002,split_fourier,5,regime_h,h_0.002,14336,4533.951849563047,False,-5.791794776916504,0.263693630695343,0.5504187345504761,,0.4228133215056875,-5.818299293518066,0.26344236731529236,0.5537724494934082,,0.396308804904125,-5.777207374572754,0.26444387435913086,0.5479022264480591,,0.4374007238494375,6.745715654687956e-05,6.866892363177612e-05,8.456383511656895e-05,,,,,,
1024,640000,dataset_roots/N_640000/h_0.002,0.002,split_fourier,6,regime_h,h_0.002,14336,4577.025746095926,False,-5.770834445953369,0.2521945834159851,0.5781541466712952,,0.4437736524688223,-5.782182693481445,0.2523846924304962,0.580693781375885,,0.4324254049407461,-5.784884452819824,0.25178560614585876,0.5763196349143982,,0.4297236456023672,7.669706246815622e-05,7.779693260090426e-05,7.711321086389944e-05,,,,,,
1024,640000,dataset_roots/N_640000/h_0.002,0.002,split_fourier,7,regime_h,h_0.002,14336,4371.377436013892,False,-5.775923252105713,0.28956058621406555,0.5770437717437744,,0.4386848463164785,-5.782553195953369,0.2926023304462433,0.5898882150650024,,0.4320549024688223,-5.770872592926025,0.28886374831199646,0.5751856565475464,,0.443735505496166,7.684519368922338e-05,8.59931024024263e-05,9.563055209582672e-05,,,,,,
1024,640000,dataset_roots/N_640000/h_0.002,0.002,split_fourier,8,regime_h,h_0.002,14336,4339.690415350022,False,-5.7430877685546875,0.3208586871623993,0.5457104444503784,,0.4715203298675039,-5.766860008239746,0.3210335671901703,0.5469708442687988,,0.4477480901824453,-5.724279880523682,0.3207343816757202,0.5407411456108093,,0.4903282178985098,8.266342047136277e-05,8.329653064720333e-05,8.309284748975188e-05,,,,,,
1024,640000,dataset_roots/N_640000/h_0.002,0.002,split_fourier,9,regime_h,h_0.002,14336,4487.332554291002,False,-5.820283889770508,0.2635631561279297,0.567508339881897,,0.3943242086516836,-5.834498405456543,0.26508840918540955,0.5694965124130249,,0.38010969296564845,-5.811820983886719,0.2638005018234253,0.5597743988037109,,0.40278711453547267,7.316394476220012e-05,7.485255628125742e-05,7.379036833299324e-05,,,,,,
1024,640000,dataset_roots/N_640000/h_0.002,0.002,arff,0,regime_h,h_0.002,14336,986.0748391828965,False,-5.8466997146606445,0.06971271336078644,0.0812147930264473,-0.1377505213022232,0.3679083837615469,-5.805210590362549,0.07031890004873276,0.07916280627250671,-0.1348278969526291,0.4093975080596426,-5.782365322113037,0.07000896334648132,0.08076831698417664,-0.13771533966064453,0.4322427763091543,,,,0.45545312762260437,0.4608999788761139,0.45159998536109924,,,
1024,640000,dataset_roots/N_640000/h_0.002,0.002,arff,1,regime_h,h_0.002,14336,988.3884236570448,False,-5.820729732513428,0.07228317856788635,0.08130262047052383,-0.1380782127380371,0.3938783659087637,-5.76409387588501,0.0723445937037468,0.07900013029575348,-0.12507233023643494,0.45051422253718165,-5.697470664978027,0.07217038422822952,0.08083154261112213,-0.12122320383787155,0.5171374334441641,,,,0.4545249938964844,0.4626999795436859,0.45159998536109924,,,
1024,640000,dataset_roots/N_640000/h_0.002,0.002,arff,2,regime_h,h_0.002,14336,988.026395638939,False,-5.840093612670898,0.12343081831932068,0.078961081802845,-0.120589978992939,0.374514485751293,-5.792729377746582,0.12300632894039154,0.07672574371099472,-0.11668959259986877,0.4218787206756094,-5.752773284912109,0.12376357614994049,0.07833913713693619,-0.11970154196023941,0.46183481351008204,,,,0.4571249783039093,0.46230000257492065,0.45229998230934143,,,
1024,640000,dataset_roots/N_640000/h_0.002,0.002,arff,3,regime_h,h_0.002,14336,984.3507553911768,False,-5.838682651519775,0.0656813308596611,0.08253782987594604,-0.1102018803358078,0.375925446902416,-5.8234171867370605,0.06567035615444183,0.08041127771139145,-0.11030258238315582,0.39119091168513087,-5.8019819259643555,0.06583432853221893,0.08192374557256699,-0.10822277516126633,0.41262617245783595,,,,0.4490640461444855,0.45399999618530273,0.4488999843597412,,,
1024,640000,dataset_roots/N_640000/h_0.002,0.002,arff,4,regime_h,h_0.002,14336,984.981052818941,False,-5.850964546203613,0.10145517438650131,0.08083417266607285,-0.12929856777191162,0.36364355221857814,-5.842434883117676,0.10203760862350464,0.07872763276100159,-0.12715286016464233,0.37217321530451564,-5.78751802444458,0.10157062113285065,0.08039595186710358,-0.12954187393188477,0.42709007397761134,,,,0.4659078121185303,0.4756999909877777,0.4658999741077423,,,
1024,640000,dataset_roots/N_640000/h_0.002,0.002,arff,5,regime_h,h_0.002,14336,989.9748277980834,False,-5.826169967651367,0.07028182595968246,0.0807315781712532,-0.11427459120750427,0.38843813077082423,-5.799686908721924,0.07080687582492828,0.07850845903158188,-0.11375836282968521,0.4149211897002676,-5.776515483856201,0.07020901888608932,0.08030948042869568,-0.11291372030973434,0.43809261456599025,,,,0.4401499927043915,0.43369999527931213,0.4375999867916107,,,
1024,640000,dataset_roots/N_640000/h_0.002,0.002,arff,6,regime_h,h_0.002,14336,986.6469592018984,False,-5.811210632324219,0.11037568002939224,0.0785130187869072,-0.1409781277179718,0.40339746609797267,-5.781571388244629,0.11055301129817963,0.07633291184902191,-0.13693878054618835,0.4330367101775625,-5.767228126525879,0.11032561957836151,0.07826252281665802,-0.13407795131206512,0.4473799718963125,,,,0.45757031440734863,0.4592999815940857,0.45669999718666077,,,
1024,640000,dataset_roots/N_640000/h_0.002,0.002,arff,7,regime_h,h_0.002,14336,983.5708086981904,False,-5.8199334144592285,0.06322921812534332,0.08131875842809677,-0.12236040830612183,0.3946746839629629,-5.809970378875732,0.0635116696357727,0.07937075942754745,-0.11974401026964188,0.404637719546459,-5.756067276000977,0.06349809467792511,0.08099088817834854,-0.12059099227190018,0.45854082242121486,,,,0.4640343487262726,0.46449998021125793,0.4583999812602997,,,
1024,640000,dataset_roots/N_640000/h_0.002,0.002,arff,8,regime_h,h_0.002,14336,981.5416165040806,False,-5.825660705566406,0.08614041656255722,0.08016500622034073,-0.11549954116344452,0.38894739285578517,-5.775628089904785,0.08649884164333344,0.0780469998717308,-0.11586631834506989,0.43898000851740626,-5.759059906005859,0.08574920147657394,0.07970516383647919,-0.11459687352180481,0.45554819241633204,,,,0.4607921838760376,0.45579999685287476,0.4542999863624573,,,
1024,640000,dataset_roots/N_640000/h_0.002,0.002,arff,9,regime_h,h_0.002,14336,990.3888886179775,False,-5.808286666870117,0.0742454081773758,0.08047064393758774,-0.11622532457113266,0.40632143155207423,-5.768843173980713,0.07466220110654831,0.07829900085926056,-0.115619957447052,0.4457649244414785,-5.780819892883301,0.07434797286987305,0.08017707616090775,-0.11349526792764664,0.43378820553889064,,,,0.4538218677043915,0.4567999839782715,0.44829997420310974,,,
1024,640000,dataset_roots/N_640000/h_0.002,0.002,joint_mlp,0,regime_h,h_0.002,14180,1046.691822082037,False,-6.78567266,0.0629462376,0.119058095,2.6483056e-05,-0.5710645615778089,-6.7942934,0.0630450025,0.119463019,2.66324168e-05,-0.5796853015778085,-6.78081846,0.0627290756,0.119094193,2.66215557e-05,-0.5662103615778085,,,,,,,,,
1024,640000,dataset_roots/N_640000/h_0.002,0.002,joint_mlp,1,regime_h,h_0.002,14180,1019.2284167502075,False,-6.78739882,0.0612505302,0.129920661,3.21057305e-05,-0.5727907215778085,-6.80222321,0.0613562353,0.129436433,3.22269116e-05,-0.5876151115778088,-6.76359987,0.0610947534,0.129199341,3.22945343e-05,-0.5489917715778088,,,,,,,,,
1024,640000,dataset_roots/N_640000/h_0.002,0.002,joint_mlp,2,regime_h,h_0.002,14180,987.7901802519336,False,-6.78145599,0.062289536,0.146582544,2.37825243e-05,-0.566847891577809,-6.79519224,0.0624837689,0.148726746,2.39134079e-05,-0.580584141577809,-6.76215219,0.0619511902,0.145751551,2.39497567e-05,-0.5475440915778087,,,,,,,,,
1024,640000,dataset_roots/N_640000/h_0.002,0.002,joint_mlp,3,regime_h,h_0.002,14180,980.6163352609146,False,-6.78003502,0.0569480211,0.145317689,2.0732552e-05,-0.5654269215778083,-6.79128599,0.0570642166,0.143740937,2.0837635e-05,-0.576677891577809,-6.77327347,0.0568337627,0.144425377,2.0804162e-05,-0.5586653715778089,,,,,,,,,
1024,640000,dataset_roots/N_640000/h_0.002,0.002,joint_mlp,4,regime_h,h_0.002,14180,1020.9301133179106,False,-6.77397776,0.0659723356,0.152622625,2.9018458e-05,-0.5593696615778088,-6.7898922,0.0661505237,0.150647327,2.92059322e-05,-0.5752841015778083,-6.75857639,0.0656844601,0.151624382,2.91277429e-05,-0.5439682915778086,,,,,,,,,
1024,640000,dataset_roots/N_640000/h_0.002,0.002,joint_mlp,5,regime_h,h_0.002,14180,991.0870767380111,False,-6.78383255,0.0649270266,0.117712826,2.13842741e-05,-0.5692244515778082,-6.79526567,0.064879559,0.117550664,2.15873079e-05,-0.5806575715778086,-6.76397181,0.0649887845,0.11772541,2.18013993e-05,-0.5493637115778087,,,,,,,,,
1024,640000,dataset_roots/N_640000/h_0.002,0.002,joint_mlp,6,regime_h,h_0.002,14180,974.0774148318451,False,-6.77998114,0.0611415617,0.143470585,2.85982424e-05,-0.5653730415778089,-6.79348755,0.0612118207,0.14311263,2.87409875e-05,-0.5788794515778086,-6.76595831,0.060967654,0.143564999,2.87046732e-05,-0.5513502115778088,,,,,,,,,
1024,640000,dataset_roots/N_640000/h_0.002,0.002,joint_mlp,7,regime_h,h_0.002,14180,978.75380090205,False,-6.77957344,0.065050602,0.131688699,2.19123485e-05,-0.5649653415778086,-6.79342318,0.0651505515,0.12848404,2.20695056e-05,-0.5788150815778081,-6.76716328,0.0650510564,0.130820125,2.20486127e-05,-0.5525551815778087,,,,,,,,,
1024,640000,dataset_roots/N_640000/h_0.002,0.002,joint_mlp,8,regime_h,h_0.002,14180,1020.5972939899657,False,-6.76035309,0.065627858,0.134126708,1.53628189e-05,-0.5457449915778083,-6.77306938,0.0655479133,0.134065226,1.55785001e-05,-0.5584612815778085,-6.75041485,0.0653974786,0.133239359,1.56813912e-05,-0.5358067515778089,,,,,,,,,
1024,640000,dataset_roots/N_640000/h_0.002,0.002,joint_mlp,9,regime_h,h_0.002,14180,971.1865656778682,False,-6.79355288,0.059835583,0.135882735,2.30511214e-05,-0.5789447815778086,-6.80596256,0.0599648282,0.137832537,2.30324949e-05,-0.5913544615778088,-6.77580547,0.0596295372,0.135512322,2.31404301e-05,-0.5611973715778085,,,,,,,,,
1024,640000,dataset_roots/N_640000/h_0.002,0.002,split_mlp,0,regime_h,h_0.002,14180,4914.979350846028,False,-6.725031875610352,0.14225886194957832,0.11431863933204882,,-0.5104237771881603,-6.736545141601563,0.14346287477756203,0.11463783589906482,,-0.5219370431793715,-6.717007828521728,0.14126095675443912,0.1143774643379613,,-0.5023997300995369,7.4916155426763e-05,7.515350444009528e-05,7.520019426010549e-05,,,,0.0,0.0,0.0
1024,640000,dataset_roots/N_640000/h_0.002,0.002,split_mlp,1,regime_h,h_0.002,14180,4992.904247998027,False,-6.6987289093017575,0.16366434621673287,0.10621351270476478,,-0.48412081087956604,-6.707460029602051,0.16432949922604934,0.10681701441403128,,-0.49285193117985937,-6.686348690795898,0.16297795498658152,0.10618577141602026,,-0.471740592373707,2.821620728354901e-05,2.8316564566921443e-05,2.8297607059357688e-05,,,,0.0,0.0,0.0
1024,640000,dataset_roots/N_640000/h_0.002,0.002,split_mlp,2,regime_h,h_0.002,14180,4870.578249493847,False,-6.736709801483154,0.17051544619736592,0.12142874243631045,,-0.5221017030609625,-6.747857376098633,0.17109205949026138,0.12279191319309503,,-0.5332492776764415,-6.72938560256958,0.17046506129140898,0.12065138587101139,,-0.5147775041473883,3.220226426492445e-05,3.224360625608824e-05,3.2248666684608907e-05,,,,0.0,0.0,0.0
1024,640000,dataset_roots/N_640000/h_0.002,0.002,split_mlp,3,regime_h,h_0.002,14180,5397.123150968924,False,-6.749884358215332,0.15308924054048614,0.11901148996333269,,-0.5352762597931404,-6.758604489898682,0.15375948540882511,0.11903437579474724,,-0.5439963914764903,-6.74074253616333,0.1529921112048406,0.11919267386127456,,-0.5261344377411383,4.292869198252447e-05,4.305027687223628e-05,4.306759001337923e-05,,,,0.0,0.0,0.0
1024,640000,dataset_roots/N_640000/h_0.002,0.002,split_mlp,4,regime_h,h_0.002,14180,4822.685265392996,False,-6.752603173065186,0.13607758951611493,0.10096902264606852,,-0.5379950746429945,-6.755826921844482,0.13660907349107979,0.10178143048815531,,-0.541218823422291,-6.7462715187072755,0.13604396812489078,0.10195458889564532,,-0.5316634202850841,3.6183275369694456e-05,3.620864299591631e-05,3.6415745853446424e-05,,,,0.0,0.0,0.0
1024,640000,dataset_roots/N_640000/h_0.002,0.002,split_mlp,5,regime_h,h_0.002,14180,4776.978810907109,False,-6.733255110168457,0.1354319413843707,0.1021577889502172,,-0.5186470117462658,-6.745267394256592,0.13603529896815014,0.10279140297800027,,-0.5306592958344005,-6.726438943481445,0.13533958389607648,0.1012538660146764,,-0.5118308450592535,3.546254083630629e-05,3.5542114346753806e-05,3.553572969394736e-05,,,,0.0,0.0,0.0
1024,640000,dataset_roots/N_640000/h_0.002,0.002,split_mlp,6,regime_h,h_0.002,14180,4839.41476455587,False,-6.7097143478393555,0.16750043178235405,0.1150278648670703,,-0.4951062494171641,-6.716606472015381,0.16842262380180886,0.11419209763646412,,-0.5019983735931897,-6.701245057678222,0.1666835235271581,0.1149929039348651,,-0.4866369592560309,4.385149077279493e-05,4.432856076164171e-05,4.410647670738399e-05,,,,0.0,0.0,0.0
1024,640000,dataset_roots/N_640000/h_0.002,0.002,split_mlp,7,regime_h,h_0.002,14180,4851.0467475459445,False,-6.737899668884277,0.12636442932609449,0.12098885304561752,,-0.523291570462086,-6.748517205810547,0.1270090418706409,0.12117631810862786,,-0.5339091073883555,-6.726655487060547,0.1257279352127167,0.12074643181835355,,-0.5120473886383552,3.9072445360943675e-05,3.934484993806109e-05,3.963500785175711e-05,,,,0.0,0.0,0.0
1024,640000,dataset_roots/N_640000/h_0.002,0.002,split_mlp,8,regime_h,h_0.002,14180,4706.3528371220455,False,-6.7480382713317875,0.14724618306817908,0.09648628848193126,,-0.533430172909596,-6.75379482345581,0.14777229790361332,0.0970089735328059,,-0.5391867250336189,-6.7418430755615235,0.14730512655218078,0.09584979737350097,,-0.5272349771393321,5.3025069064460695e-05,5.315057933330536e-05,5.3056664910400286e-05,,,,0.0,0.0,0.0
1024,640000,dataset_roots/N_640000/h_0.002,0.002,split_mlp,9,regime_h,h_0.002,14180,4798.90980396606,False,-6.731445306396484,0.1531667560631077,0.12793046777465986,,-0.5168372079742927,-6.742604138946533,0.15409384261495299,0.1274847295655289,,-0.527996040524342,-6.7257141456604,0.15256301145500478,0.1279020967185726,,-0.5111060472382087,4.314670877647586e-05,4.32471206295304e-05,4.3348962208256125e-05,,,,0.0,0.0,0.0
